"mode","dose","rep","n_prog","replic_all","replic_corrupt","replic_clean","auc_detect","var_frac_corrupted","var_frac_uncorrupted"
"permute",0.25,1,1697,0.967589864466706,0.925373134328358,0.977973568281938,0.6304203125,0.18437486904433,0.323768752046571
"permute",0.25,2,1737,0.936096718480138,0.903790087463557,0.944045911047346,0.6155078125,0.210895662082393,0.357283559352587
"permute",0.25,3,1704,0.961267605633803,0.92603550295858,0.969985358711567,0.6394546875,0.201696034089456,0.346818949833126
"permute",0.25,4,1702,0.970035252643948,0.920118343195266,0.982404692082111,0.634603125,0.191915943876246,0.331716213667296
"permute",0.5,1,1812,0.83167770419426,0.509383378016086,0.915218902015288,0.7303875,0.0936519371305824,0.332068898366884
"permute",0.5,2,1699,0.897586815773985,0.728813559322034,0.942007434944238,0.7144953125,0.101786801249229,0.36362388915444
"permute",0.5,3,1711,0.909994155464641,0.718390804597701,0.958914159941306,0.7231515625,0.100534349733737,0.345280241678918
"permute",0.5,4,1724,0.918793503480278,0.742209631728045,0.964259664478483,0.741996875,0.0954731547087398,0.341576245189834
"permute",0.75,1,1746,0.811569301260023,0.252124645892351,0.953338119167265,0.855540625,0.0349443588515514,0.343449305400679
"permute",0.75,2,1770,0.794915254237288,0.221910112359551,0.939179632248939,0.852296875,0.0340983905454995,0.361341375132755
"permute",0.75,3,1766,0.814835787089468,0.194029850746269,0.960167714884696,0.8666546875,0.0341768462087114,0.327085499348427
"permute",0.75,4,1704,0.835093896713615,0.293768545994065,0.968544257498171,0.8563046875,0.0356166211749352,0.339955289266101
"noise",0.5,1,1767,0.948500282965478,0.938375350140056,0.951063829787234,0.5715171875,0.251640885841981,0.314110727202644
"noise",0.5,2,1630,0.98282208588957,0.978851963746224,0.983833718244804,0.5748875,0.26956506345369,0.33118959645877
"noise",0.5,3,1719,0.951134380453752,0.927953890489914,0.956997084548105,0.5655234375,0.27117011829228,0.340643960676727
"noise",0.5,4,1726,0.946697566628042,0.947674418604651,0.946454413892909,0.5541578125,0.279005742344783,0.347456317596935
"noise",1,1,1790,0.924022346368715,0.836111111111111,0.946153846153846,0.6355796875,0.184310865369969,0.349627528745795
"noise",1,2,1785,0.909243697478992,0.816901408450704,0.932167832167832,0.6542453125,0.171358698107977,0.329319903375052
"noise",1,3,1752,0.914954337899543,0.815561959654179,0.939501779359431,0.662609375,0.161874333063686,0.3142142953872
"noise",1,4,1784,0.901905829596413,0.804945054945055,0.926760563380282,0.6599328125,0.169089938285097,0.325445387091928
"noise",2,1,1757,0.848036425725669,0.524079320113314,0.92948717948718,0.775215625,0.0726809500182355,0.333710674193832
"noise",2,2,1766,0.843148357870895,0.52,0.923022598870056,0.793328125,0.0794513014903716,0.328130816791893
"noise",2,3,1737,0.885434657455383,0.604790419161677,0.952245188880969,0.79108125,0.0796874473010053,0.340884604326717
"noise",2,4,1787,0.8505875769446,0.527624309392265,0.932631578947368,0.757615625,0.0830069748516027,0.362841973479813
"compress",0.75,1,1729,0.960092539039907,0.941011235955056,0.96504005826657,0.6055296875,0.248215079028287,0.350045626417205
"compress",0.75,2,1788,0.906040268456376,0.836565096952909,0.923615977575333,0.6409453125,0.246718482788465,0.347159357118241
"compress",0.75,3,1696,0.959316037735849,0.936936936936937,0.964783565663976,0.657646875,0.228147393579921,0.329266871694755
"compress",0.75,4,1719,0.95695171611402,0.92022792022792,0.966374269005848,0.6510109375,0.222267180993281,0.319519987773743
"compress",0.5,1,1756,0.919134396355353,0.791666666666667,0.952005730659026,0.729803125,0.135654168317847,0.352940052385864
"compress",0.5,2,1772,0.908577878103837,0.788300835654596,0.939136588818117,0.7239515625,0.128388482533845,0.332127275537758
"compress",0.5,3,1672,0.92822966507177,0.847761194029851,0.948391922213912,0.734290625,0.144305724914872,0.358999441387857
"compress",0.5,4,1758,0.910693970420933,0.768802228412256,0.94710507505361,0.73098125,0.1363048422286,0.342817249271676
"compress",0.25,1,1751,0.861222158766419,0.560693641618497,0.935231316725979,0.8296625,0.0530363706079477,0.341751684219792
"compress",0.25,2,1794,0.825529542920847,0.358166189111748,0.93840830449827,0.85479375,0.0441268157390437,0.321582482421556
"compress",0.25,3,1813,0.750137892995036,0.306818181818182,0.856947296372348,0.8544359375,0.0432028113247174,0.324032884549139
"compress",0.25,4,1708,0.878805620608899,0.494082840236686,0.973722627737226,0.8517625,0.0435982703430113,0.346304667718528
"floor",0.25,1,1733,0.960761684939411,0.944281524926686,0.964798850574713,0.5302375,0.323052109856936,0.329810941865513
"floor",0.25,2,1724,0.939095127610209,0.933333333333333,0.940536620739666,0.4904765625,0.329801876001392,0.339552633559319
"floor",0.25,3,1745,0.93810888252149,0.931232091690544,0.939828080229226,0.4677765625,0.36562485240551,0.373804993119367
"floor",0.25,4,1771,0.945228684359119,0.93854748603352,0.94692144373673,0.5028046875,0.347340692902488,0.355128479594411
"floor",0.5,1,1740,0.96264367816092,0.947826086956522,0.966308243727599,0.51915625,0.263877621969187,0.329249247059085
"floor",0.5,2,1742,0.936854190585534,0.902017291066282,0.945519713261649,0.535640625,0.270241250642688,0.345992317619444
"floor",0.5,3,1786,0.907054871220605,0.886740331491713,0.912219101123595,0.4981578125,0.273004512325199,0.335374388556365
"floor",0.5,4,1798,0.917686318131257,0.87887323943662,0.927234927234927,0.5580984375,0.245894141443568,0.310135292113108
"floor",0.75,1,1724,0.943155452436195,0.851428571428571,0.966521106259097,0.5956421875,0.199155906315433,0.357162186016269
"floor",0.75,2,1742,0.922502870264064,0.822535211267606,0.948089401586157,0.61395625,0.173479170519562,0.342132951802095
"floor",0.75,3,1801,0.861743475846752,0.716666666666667,0.897987508674532,0.60293125,0.175171951821746,0.339335666449049
"floor",0.75,4,1705,0.948387096774194,0.87463556851312,0.966960352422907,0.5841453125,0.186213703608551,0.348725526170078
"contaminate",0.25,1,1809,0.896075179657269,0.868983957219251,0.903135888501742,0.5256796875,0.319549870723193,0.336180789297037
"contaminate",0.25,2,1663,0.963319302465424,0.918429003021148,0.974474474474474,0.5753765625,0.294394791377057,0.314677674854155
"contaminate",0.25,3,1771,0.924901185770751,0.882513661202186,0.935943060498221,0.5481328125,0.305333625078638,0.326263198166293
"contaminate",0.25,4,1796,0.912026726057906,0.874651810584958,0.921363952679193,0.52440625,0.313864362282027,0.336709411535609
"contaminate",0.5,1,1743,0.882960413080895,0.612994350282486,0.951763858891289,0.667909375,0.275234636223567,0.355617241679656
"contaminate",0.5,2,1750,0.896571428571429,0.622159090909091,0.965665236051502,0.65656875,0.28119505125885,0.324952713018374
"contaminate",0.5,3,1763,0.86046511627907,0.613636363636364,0.922041105598866,0.674234375,0.287599005683058,0.3270576956783
"contaminate",0.5,4,1745,0.899140401146132,0.637393767705382,0.96551724137931,0.6683890625,0.290311043399994,0.335633760903677
"contaminate",0.75,1,1776,0.806869369369369,0.45014245014245,0.894736842105263,0.735584375,0.317698688946854,0.339598951695543
"contaminate",0.75,2,1755,0.851282051282051,0.461971830985915,0.95,0.7512703125,0.306127409190213,0.339820309582099
"contaminate",0.75,3,1656,0.888888888888889,0.53416149068323,0.974512743628186,0.7386828125,0.346857147590491,0.3394130694081
"contaminate",0.75,4,1772,0.852144469525959,0.504398826979472,0.935010482180293,0.70985625,0.343343029544626,0.349004791285017
