"setting","anchor","rep","arm","n_disc","n_repl","n_prog","replic_rate","auc_anchor_product","auc_anchor_absdiff","auc_level_concord","auc_range_concord","auc_coexpr_preserv","auc_effsize"
"glioma: TCGA->CGGA-693","grade",1,"null",368,367,1652,0.927966101694915,0.930542079845637,0.579431772709084,0.558628931024465,0.496330038864861,0.882742137951071,0.908237267509744
"glioma: TCGA->CGGA-693","grade",1,"real",368,367,1652,0.826271186440678,0.889517683245906,0.6307437046113,0.584908935431584,0.560429349976388,0.809031154675754,0.766650074664012
"glioma: TCGA->CGGA-693","grade",1,"null_ratematched",368,367,1652,0.826271186440678,0.926369797449937,0.541228573981187,0.580339753162053,0.512779670967824,0.876749499049151,0.867235899988513
"glioma: TCGA->CGGA-693","grade",2,"null",368,367,1728,0.894097222222222,0.907319574866925,0.544962597485278,0.540672361044795,0.553005464480874,0.877913947689533,0.916954038233682
"glioma: TCGA->CGGA-693","grade",2,"real",368,367,1728,0.825231481481482,0.870988640480016,0.661406425605826,0.583659195824006,0.552534296833638,0.775192034403648,0.782789816371455
"glioma: TCGA->CGGA-693","grade",2,"null_ratematched",368,367,1728,0.825231481481482,0.894861744517615,0.561109666273464,0.552508754168099,0.56000668753425,0.848160463669041,0.905322627086371
"glioma: TCGA->CGGA-693","grade",3,"null",368,367,1641,0.962218159658745,0.918343582095651,0.575476516374185,0.542534066068765,0.585047702710985,0.853735520643936,0.889119287421602
"glioma: TCGA->CGGA-693","grade",3,"real",368,367,1641,0.826325411334552,0.851433524814987,0.682714899342752,0.602807535061843,0.526815194328003,0.761641567044455,0.751148889923925
"glioma: TCGA->CGGA-693","grade",3,"null_ratematched",368,367,1641,0.826325411334552,0.906440511307768,0.58969362935362,0.518454691300523,0.56028566992703,0.790700201832014,0.893049733478238
"glioma: TCGA->CGGA-693","grade",4,"null",368,367,1639,0.945698596705308,0.882551649148242,0.627944907575208,0.294686480608916,0.507741935483871,0.873809351214208,0.865639724537876
"glioma: TCGA->CGGA-693","grade",4,"real",368,367,1639,0.832214765100671,0.87475606504932,0.711823513729672,0.568397760597174,0.562807251399627,0.788179152226073,0.754380165289256
"glioma: TCGA->CGGA-693","grade",4,"null_ratematched",368,367,1639,0.832214765100671,0.896296987470008,0.683241802186084,0.376854172220741,0.506424953345774,0.822889896027726,0.873191149026926
"glioma: TCGA->CGGA-693","grade",5,"null",368,367,1724,0.900812064965197,0.920440724046648,0.590846616433765,0.355697141544568,0.524395341218468,0.888892654473703,0.895358163599598
"glioma: TCGA->CGGA-693","grade",5,"real",368,367,1724,0.824825986078886,0.882238429224765,0.596985870101806,0.581836048471978,0.547861886532353,0.791679473924423,0.804475088719367
"glioma: TCGA->CGGA-693","grade",5,"null_ratematched",368,367,1724,0.824825986078886,0.909683218300873,0.61122521213476,0.382115013831838,0.5410996544369,0.856658842596474,0.892952282486191
"glioma: TCGA->CGGA-693","grade",6,"null",368,367,1633,0.908756889161053,0.973959369742579,0.584607174514734,0.454413068253767,0.492298160241683,0.931149261021364,0.846374753523038
"glioma: TCGA->CGGA-693","grade",6,"real",368,367,1633,0.853643600734844,0.890045802993103,0.609888163858257,0.574014155105863,0.588217285077109,0.814395826705006,0.821128206359592
"glioma: TCGA->CGGA-693","grade",6,"null_ratematched",368,367,1633,0.853643600734844,0.964897378483999,0.568191231998463,0.481540733448191,0.486901424515107,0.87505027523817,0.814182719725302
"glioma: TCGA->CGGA-693","grade",7,"null",368,367,1524,0.967847769028871,0.94674507090972,0.64694569353165,0.611885160843999,0.644579730197164,0.939923901764095,0.871919750951228
"glioma: TCGA->CGGA-693","grade",7,"real",368,367,1524,0.83005249343832,0.843310391136478,0.697758176019046,0.586051551268943,0.509432752911014,0.740516123124819,0.723164497077541
"glioma: TCGA->CGGA-693","grade",7,"null_ratematched",368,367,1524,0.83005249343832,0.93001053001053,0.626404382926122,0.448169456865109,0.542551925160621,0.876957590001068,0.8609214522258
"glioma: TCGA->CGGA-693","grade",8,"null",368,367,1656,0.931763285024155,0.96945956331477,0.698409603175058,0.530290951427801,0.510045366169799,0.937020744555773,0.889790604442558
"glioma: TCGA->CGGA-693","grade",8,"real",368,367,1656,0.853260869565217,0.885798828631258,0.641704455103842,0.622057380176433,0.571902877163552,0.834764779720351,0.777189472243337
"glioma: TCGA->CGGA-693","grade",8,"null_ratematched",368,367,1656,0.853260869565217,0.942934363159259,0.626233766990235,0.507343625767782,0.473454897061094,0.845127111856686,0.8398469240649
"glioma: TCGA->CGGA-325","grade",1,"null",513,222,1715,0.893877551020408,0.891091947843415,0.587324286932898,0.422693418779524,0.583292115581744,0.74029590761489,0.911704407790513
"glioma: TCGA->CGGA-325","grade",1,"real",513,222,1715,0.864723032069971,0.941768200525496,0.803305275885321,0.576435231473946,0.718667891273514,0.879755039877229,0.719740391099123
"glioma: TCGA->CGGA-325","grade",1,"null_ratematched",513,222,1715,0.864723032069971,0.88482107563885,0.581870393191806,0.45183342246611,0.598786244099798,0.706161206315251,0.904785848815309
"glioma: TCGA->CGGA-325","grade",2,"null",513,222,1721,0.914003486345148,0.959876118967028,0.491456332365423,0.558774763320218,0.502796343705435,0.893889280252917,0.923326059689696
"glioma: TCGA->CGGA-325","grade",2,"real",513,222,1721,0.865775711795468,0.9424823498649,0.777105668380836,0.568273337400854,0.705932769691159,0.872686597518812,0.782413783084924
"glioma: TCGA->CGGA-325","grade",2,"null_ratematched",513,222,1721,0.865775711795468,0.95413870246085,0.480810017722769,0.560170254801127,0.492600017432232,0.867369766698626,0.910732444289491
"glioma: TCGA->CGGA-325","grade",3,"null",513,222,1694,0.89728453364817,0.888921657592256,0.69072519661222,0.511781609195402,0.531030701754386,0.890887779794313,0.868855868118572
"glioma: TCGA->CGGA-325","grade",3,"real",513,222,1694,0.858323494687131,0.946925149014214,0.788798143053645,0.583468019257221,0.696389270976616,0.878152223750573,0.706496446584136
"glioma: TCGA->CGGA-325","grade",3,"null_ratematched",513,222,1694,0.858323494687131,0.8745472260431,0.655418959193031,0.501166322787712,0.547807771664374,0.858310408069693,0.857654172397983
"glioma: TCGA->CGGA-325","grade",4,"null",513,222,1696,0.930424528301887,0.910120083349445,0.695446929174454,0.42982427874804,0.500397413589397,0.809676483856416,0.925651436059376
"glioma: TCGA->CGGA-325","grade",4,"real",513,222,1696,0.866745283018868,0.942583227981458,0.809111432183493,0.57416471013184,0.717539582204563,0.873707181987839,0.717006802721088
"glioma: TCGA->CGGA-325","grade",4,"null_ratematched",513,222,1696,0.866745283018868,0.911254590331708,0.668752633796882,0.459258924808862,0.47810788032027,0.799674914213473,0.915221840948769
"glioma: TCGA->CGGA-325","grade",5,"null",513,222,1723,0.885664538595473,0.902834789203718,0.617619468967674,0.561362774514174,0.474516169807932,0.873006632914424,0.904537924702783
"glioma: TCGA->CGGA-325","grade",5,"real",513,222,1723,0.856065002901915,0.944447785675232,0.774811372334609,0.568745215965008,0.692118644067797,0.868624931656643,0.725008201202843
"glioma: TCGA->CGGA-325","grade",5,"null_ratematched",513,222,1723,0.856065002901915,0.894073264078732,0.625899398578458,0.568720612356479,0.481850738108256,0.85901585565883,0.893747949699289
"glioma: TCGA->CGGA-325","grade",6,"null",513,222,1746,0.833333333333333,0.933656900603441,0.504991674637758,0.628936833528182,0.52972449545943,0.872287762307956,0.868105005845467
"glioma: TCGA->CGGA-325","grade",6,"real",513,222,1746,0.856815578465063,0.938069518716578,0.77564705882353,0.562676470588235,0.696705882352941,0.872318181818182,0.751245989304813
"glioma: TCGA->CGGA-325","grade",6,"null_ratematched",513,222,1746,0.856815578465063,0.936077540106952,0.506227272727273,0.620433155080214,0.526663101604278,0.87483422459893,0.86027807486631
"glioma: TCGA->CGGA-325","grade",7,"null",513,222,1772,0.788939051918736,0.863060674913742,0.587462608921836,0.562828486837575,0.471206000933343,0.882777535516743,0.873576078890393
"glioma: TCGA->CGGA-325","grade",7,"real",513,222,1772,0.858916478555305,0.939503285151117,0.773724047306176,0.559400788436268,0.701624178712221,0.867787122207622,0.744210249671485
"glioma: TCGA->CGGA-325","grade",7,"null_ratematched",513,222,1772,0.858916478555305,0.863558475689882,0.587965834428384,0.574178712220762,0.477038107752957,0.886344283837057,0.882722733245729
"glioma: TCGA->CGGA-325","grade",8,"null",513,222,1707,0.9302870533099,0.88483479033931,0.618313824270262,0.603502106132125,0.559813094003344,0.775331795186588,0.922766335753445
"glioma: TCGA->CGGA-325","grade",8,"real",513,222,1707,0.867018160515524,0.937840814382665,0.799827360400048,0.569841647815216,0.725687581854983,0.878056911537088,0.719731515656626
"glioma: TCGA->CGGA-325","grade",8,"null_ratematched",513,222,1707,0.867018160515524,0.888927253244434,0.600336349565424,0.602580664364805,0.542772949160614,0.77690498868913,0.900473270627456
"glioma: TCGA->array-301","grade",1,"null",487,248,1720,0.862209302325581,0.880564826116522,0.604983056923615,0.321525815785655,0.548255759365638,0.804245584984252,0.893055188052499
"glioma: TCGA->array-301","grade",1,"real",487,248,1720,0.856395348837209,0.929931754028656,0.776074606067103,0.435476910983396,0.669231044083654,0.925286740272269,0.754199064950485
"glioma: TCGA->array-301","grade",1,"null_ratematched",487,248,1720,0.856395348837209,0.880675368509006,0.606009383477494,0.317606251254016,0.545896309000607,0.799819146801674,0.890407909166619
"glioma: TCGA->array-301","grade",2,"null",487,248,1685,0.909792284866469,0.879480379029766,0.587865210972637,0.482855254574793,0.502197274006935,0.877677927695952,0.912143372128952
"glioma: TCGA->array-301","grade",2,"real",487,248,1685,0.859347181008902,0.935126582278481,0.755918246031191,0.421349395062592,0.687498543021656,0.9230220062009,0.726490197449705
"glioma: TCGA->array-301","grade",2,"null_ratematched",487,248,1685,0.859347181008902,0.865407254586568,0.564701494276989,0.476254166958062,0.508065832109472,0.850942373592559,0.889695083572278
"glioma: TCGA->array-301","grade",3,"null",487,248,1679,0.924955330553901,0.914313310642995,0.616093786731263,0.475071290589642,0.456402865932808,0.856309855987898,0.885372908553849
"glioma: TCGA->array-301","grade",3,"real",487,248,1679,0.849910661107802,0.942128007474889,0.784855007174559,0.42763984827755,0.677778890112457,0.931407882003537,0.719833483498515
"glioma: TCGA->array-301","grade",3,"null_ratematched",487,248,1679,0.849910661107802,0.894297616266782,0.585563564365246,0.472853472152701,0.421477514154459,0.817410262399751,0.878727711593864
"glioma: TCGA->array-301","grade",4,"null",487,248,1708,0.877634660421546,0.867835335199543,0.628948804785327,0.470588047534082,0.485925226067777,0.755821265213492,0.8849759488782
"glioma: TCGA->array-301","grade",4,"real",487,248,1708,0.859484777517564,0.932359786557675,0.765068687556767,0.441286330608538,0.682092983651226,0.922919504995459,0.722275204359673
"glioma: TCGA->array-301","grade",4,"null_ratematched",487,248,1708,0.859484777517564,0.870688578564941,0.62738987284287,0.452633969118983,0.486526453224342,0.766192665758402,0.88600136239782
"glioma: TCGA->array-301","grade",5,"null",487,248,1687,0.893894487255483,0.879328868011203,0.590289406220826,0.589730006075604,0.54392587762844,0.726990501311441,0.881481261947453
"glioma: TCGA->array-301","grade",5,"real",487,248,1687,0.860699466508595,0.932586014887756,0.773313404841451,0.414289900943673,0.683374362581326,0.927943848543462,0.734394232459996
"glioma: TCGA->array-301","grade",5,"null_ratematched",487,248,1687,0.860699466508595,0.870640642400797,0.579400386847195,0.609205204853174,0.545976203036164,0.706037160776039,0.86891155266397
"glioma: TCGA->array-301","grade",6,"null",487,248,1752,0.779109589041096,0.877704896309548,0.60856025972305,0.504076629658025,0.622928320602739,0.771557297138692,0.847461926531694
"glioma: TCGA->array-301","grade",6,"real",487,248,1752,0.841324200913242,0.935215192838945,0.747413195630741,0.440078873129448,0.654044200189374,0.929712132600568,0.743389006569507
"glioma: TCGA->array-301","grade",6,"null_ratematched",487,248,1752,0.841324200913242,0.894150893667698,0.602915767792821,0.511757757972726,0.614429487617504,0.78556367931435,0.872670655876927
"glioma: TCGA->array-301","grade",7,"null",487,248,1671,0.906642728904847,0.901083185241601,0.675602944909876,0.576652280612677,0.511170347804011,0.80970635525091,0.896843530506897
"glioma: TCGA->array-301","grade",7,"real",487,248,1671,0.850987432675045,0.94101864560916,0.77756878427917,0.429507057766933,0.671998825117629,0.934909822129587,0.703901400256441
"glioma: TCGA->array-301","grade",7,"null_ratematched",487,248,1671,0.850987432675045,0.89100989047611,0.67117414806907,0.579084269567722,0.500081902857562,0.768330706793418,0.871675167618434
"glioma: TCGA->array-301","grade",8,"null",487,248,1682,0.910225921521998,0.906826253022524,0.608717844459536,0.515154792132571,0.523126900567088,0.872126169538154,0.922108650797427
"glioma: TCGA->array-301","grade",8,"real",487,248,1682,0.859690844233056,0.934026068406123,0.775016409967883,0.42318669854889,0.683012166819045,0.9316700658743,0.740590641629744
"glioma: TCGA->array-301","grade",8,"null_ratematched",487,248,1682,0.859690844233056,0.895893405537192,0.566014956513585,0.503926670886373,0.481787866000891,0.844767564526338,0.912672597697916
"breast: BRCA->METABRIC","ER",2,"null",311,311,NA,NA,0.887096774193548,1,0.354838709677419,0.17741935483871,0.451612903225806,0.161290322580645
"breast: BRCA->METABRIC","ER",2,"real",311,311,NA,NA,0.879545454545455,0.565909090909091,0.384090909090909,0.520454545454546,0.536363636363636,0.613636363636364
"breast: BRCA->METABRIC","ER",2,"null_ratematched",311,311,NA,NA,NA,NA,NA,NA,NA,NA
"breast: BRCA->METABRIC","ER",6,"null",311,311,NA,NA,0.634146341463415,0.504065040650406,0.48780487804878,0.504065040650406,0.650406504065041,0.707317073170732
"breast: BRCA->METABRIC","ER",6,"real",311,311,NA,NA,0.930232558139535,0.790697674418605,0.627906976744186,0.488372093023256,0.534883720930233,0.72093023255814
"breast: BRCA->METABRIC","ER",6,"null_ratematched",311,311,NA,NA,NA,NA,NA,NA,NA,NA
"breast: BRCA->METABRIC","ER",8,"null",311,311,NA,NA,0.695652173913043,0.710144927536232,0.608695652173913,0.811594202898551,0.840579710144927,0.826086956521739
"breast: BRCA->METABRIC","ER",8,"real",311,311,NA,NA,0.330882352941176,0.272058823529412,0.845588235294118,0.536764705882353,0.360294117647059,0.176470588235294
"breast: BRCA->METABRIC","ER",8,"null_ratematched",311,311,NA,NA,NA,NA,NA,NA,NA,NA
"breast: METABRIC->BRCA","ER",1,"null",1066,622,375,0.405333333333333,0.643261741798442,0.619719140901581,0.448548501298088,0.61709346235544,0.612373141373613,0.59971678074109
"breast: METABRIC->BRCA","ER",1,"real",1066,622,375,0.16,0.584973544973545,0.398730158730159,0.485449735449735,0.412698412698413,0.475026455026455,0.574497354497355
"breast: METABRIC->BRCA","ER",1,"null_ratematched",1066,622,375,0.16,0.657089947089947,0.624497354497355,0.363968253968254,0.575291005291005,0.644126984126984,0.624444444444444
"breast: METABRIC->BRCA","ER",2,"null",1066,622,125,0.824,0.816416593115622,0.537952338923213,0.408208296557811,0.532656663724625,0.796999117387467,0.583406884377758
"breast: METABRIC->BRCA","ER",2,"real",1066,622,125,0.152,0.611221449851043,0.498510427010924,0.461271102284012,0.346573982125124,0.560575968222443,0.526315789473684
"breast: METABRIC->BRCA","ER",2,"null_ratematched",1066,622,125,0.152,0.820754716981132,0.427507447864945,0.390764647467726,0.541708043694141,0.789970208540218,0.657894736842105
"breast: METABRIC->BRCA","ER",3,"null",1066,622,296,0.554054054054054,0.729028085735403,0.417729120473023,0.420131189948263,0.567673688100517,0.706069844789357,0.64929785661493
"breast: METABRIC->BRCA","ER",3,"real",1066,622,296,0.158783783783784,0.567375886524823,0.383064171579937,0.400068358540545,0.432538665299496,0.494915833546954,0.587456207809963
"breast: METABRIC->BRCA","ER",3,"null_ratematched",1066,622,296,0.158783783783784,0.674015209775271,0.465948901990942,0.416559856447065,0.498590105101256,0.661283431598735,0.701871315047424
"breast: METABRIC->BRCA","ER",4,"null",1066,622,302,0.539735099337748,0.667034470583043,0.555766429800944,0.489429315443351,0.578584984772918,0.658163040120051,0.611863883126628
"breast: METABRIC->BRCA","ER",4,"real",1066,622,302,0.175496688741722,0.601348791391983,0.401151776918997,0.40501629158142,0.463211335909676,0.514662423278018,0.613018110176555
"breast: METABRIC->BRCA","ER",4,"null_ratematched",1066,622,302,0.175496688741722,0.710085625520952,0.602940062135334,0.508221565507312,0.628324619231644,0.71660225808896,0.638629991664772
"breast: METABRIC->BRCA","ER",5,"null",1066,622,443,0.36117381489842,0.681272084805654,0.484562720848057,0.514443462897527,0.516166077738516,0.607641342756184,0.662301236749117
"breast: METABRIC->BRCA","ER",5,"real",1066,622,443,0.155756207674944,0.567038673176781,0.455242966751918,0.367085173990545,0.424397426954972,0.478299620243354,0.558823529411765
"breast: METABRIC->BRCA","ER",5,"null_ratematched",1066,622,443,0.155756207674944,0.662365341393474,0.41637603658064,0.559288537549407,0.543827016972797,0.595287917538557,0.622374641556227
"breast: METABRIC->BRCA","ER",6,"null",1066,622,235,0.659574468085106,0.765564516129032,0.536532258064516,0.435483870967742,0.593548387096774,0.732822580645161,0.638629032258065
"breast: METABRIC->BRCA","ER",6,"real",1066,622,235,0.191489361702128,0.558245614035088,0.419415204678363,0.452163742690058,0.377543859649123,0.501754385964912,0.534619883040936
"breast: METABRIC->BRCA","ER",6,"null_ratematched",1066,622,235,0.191489361702128,0.753099415204678,0.599181286549708,0.452748538011696,0.636959064327485,0.718011695906433,0.753801169590643
"breast: METABRIC->BRCA","ER",7,"null",1066,622,353,0.487252124645892,0.692278041886162,0.570506231530258,0.441988950276243,0.532024926121033,0.673422844661442,0.663625851214185
"breast: METABRIC->BRCA","ER",7,"real",1066,622,353,0.161473087818697,0.590623518255097,0.401256519677572,0.386439070649597,0.354551920341394,0.530583214793741,0.579836415362731
"breast: METABRIC->BRCA","ER",7,"null_ratematched",1066,622,353,0.161473087818697,0.698731626363205,0.592816500711238,0.469476055002371,0.451932195353248,0.689722617354196,0.765706495969654
"breast: METABRIC->BRCA","ER",8,"null",1066,622,353,0.526912181303116,0.742064258579615,0.573787908054858,0.492370098512652,0.5492241323804,0.715794218015582,0.672944433713219
"breast: METABRIC->BRCA","ER",8,"real",1066,622,353,0.175637393767705,0.573772309056646,0.424842035251081,0.382551823522891,0.411484314377563,0.483870967741935,0.55520452278018
"breast: METABRIC->BRCA","ER",8,"null_ratematched",1066,622,353,0.175637393767705,0.713501829065514,0.50881277020286,0.556035916195544,0.520951114067177,0.720707238665336,0.670324797694269
