"gene","beta_T","p_T","beta_C","p_C","r_grade_T","r_grade_C","p_T_BH","qc_ok","prognostic_T","replicated","signflip"
"RN7SL1",0.436864111602953,7.185217304842e-19,0.078131982511574,0.244437099867833,0.689238360045359,0.166823341010768,2.31781203382e-18,TRUE,TRUE,FALSE,FALSE
"RN7SL4P",0.40316689233493,6.52608183614253e-17,0.0395538169065091,0.565746464549484,0.69986492927613,-0.0503847013357003,1.60740931924693e-16,FALSE,TRUE,FALSE,FALSE
"RN7SKP80",0.371993479918401,1.4177702401363e-14,0.0855831726214685,0.204832835904607,0.498494489305646,-0.0932057566687741,2.72648123103134e-14,FALSE,TRUE,FALSE,FALSE
"MT-ATP8",-0.36996994349744,1.07859738202875e-14,-0.0238082421694008,0.733507192305817,-0.565391478963717,-0.144794601391205,2.09030500393169e-14,TRUE,TRUE,FALSE,FALSE
"RN7SL3",0.40972021623172,1.76294061468929e-17,0.00804419482287164,0.9080814343252,0.644683202471365,0.0205156734270626,4.73908767389595e-17,FALSE,TRUE,FALSE,FALSE
"MT-ND6",-0.380283692539191,8.14251638310875e-16,-0.197820290458865,0.00112467887388183,-0.689008354449536,-0.14345568568388,1.77011225719755e-15,TRUE,TRUE,TRUE,FALSE
"CHI3L1",0.741369601218025,1.06327415636657e-30,0.627531746182894,9.5498748099543e-20,0.640444231146926,0.505034881249215,3.79740770130916e-29,TRUE,TRUE,TRUE,FALSE
"MT-ND2",-0.374090083633993,1.64270956083904e-15,-0.147224307286778,0.0223633862183357,-0.681935592971096,-0.24146102819232,3.42231158508133e-15,TRUE,TRUE,TRUE,FALSE
"RPS4Y1",0.106484148555218,0.0497381585066248,0.00422482433695004,0.951609344851974,0.0232276860234259,0.0352261664295376,0.053252846366836,FALSE,FALSE,FALSE,FALSE
"MT-ATP6",-0.384890584531862,2.18102742709445e-16,-0.145661600401576,0.022610650991044,-0.655249081318511,-0.251512017697856,5.04867459975566e-16,TRUE,TRUE,TRUE,FALSE
"SCARNA7",0.367936171732638,1.00852073171916e-13,-0.073301535699698,0.297604620930005,0.378177235024742,-0.0696775899584594,1.85389840389552e-13,FALSE,TRUE,FALSE,FALSE
"MT-ND1",-0.390065054370157,3.51744204376241e-16,-0.168614131025224,0.00802269758168018,-0.655030724162458,-0.261921666545646,7.88664135372738e-16,TRUE,TRUE,TRUE,FALSE
"MTATP6P1",-0.3760060507711,2.66264797391112e-15,-0.090091873547066,0.187508086341074,-0.650235143252303,-0.173869840088099,5.34668267853638e-15,TRUE,TRUE,FALSE,FALSE
"MT-ND4",-0.399496569908335,3.57175929411312e-17,-0.164222651541788,0.0110276388085259,-0.714349381901723,-0.234046751052128,9.1583571643926e-17,TRUE,TRUE,TRUE,FALSE
"MT-ND3",-0.413557672674672,1.85292301058124e-18,-0.127000967588592,0.0482746800998709,-0.706287282159908,-0.234667507209063,5.75441928751938e-18,TRUE,TRUE,TRUE,FALSE
"MT-ND4L",-0.37656841036194,2.57842670432929e-15,-0.0719693093774715,0.303069969012705,-0.594977358966034,-0.221194633848799,5.24070468359612e-15,TRUE,TRUE,FALSE,FALSE
"LTF",0.42715143378214,5.03357315910972e-18,0.416244997850384,1.92609485273639e-11,0.597408289849283,0.39714045430439,1.44642906870969e-17,TRUE,TRUE,TRUE,FALSE
"MTND2P28",-0.376774585987139,3.61370548477348e-14,-0.0854777901356191,0.211311629784221,-0.64486804298003,-0.142456542909638,6.84413917570735e-14,TRUE,TRUE,FALSE,FALSE
"MT-CYB",-0.387912470069729,2.9513027790942e-16,-0.213293465055345,0.000679208545174571,-0.665722625223862,-0.169406817915002,6.73813419884521e-16,TRUE,TRUE,TRUE,FALSE
"MT-ND5",-0.389749792873698,2.99036136021172e-16,-0.205458524108157,0.000913318238234355,-0.676619280822508,-0.144724603634877,6.796275818663e-16,TRUE,TRUE,TRUE,FALSE
"SFRP2",-0.585342741914111,2.62540747795867e-17,-0.487570958455629,1.59129461264859e-09,-0.635836958968837,-0.42650788037415,6.90896704725965e-17,TRUE,TRUE,TRUE,FALSE
"MTND4P12",-0.308152347347665,3.14190471758475e-08,-0.241239189161096,0.0164636110496075,-0.501687823827591,-0.0723118018103638,4.36375655220104e-08,FALSE,TRUE,TRUE,FALSE
"SMOC1",-0.584599837239638,4.99950473677906e-26,-0.50156663059625,2.49116920624601e-13,-0.658714453833054,-0.387578711236744,6.40962145740905e-25,TRUE,TRUE,TRUE,FALSE
"RN7SL471P",0.328086045706954,2.47245060783725e-13,-0.0831614097072146,0.25788711982944,0.351048160890543,-0.0644610929008308,4.43091506780869e-13,FALSE,TRUE,FALSE,FALSE
"MT-CO2",-0.414402651945746,2.90820755893692e-18,-0.143069518994095,0.0267531860083009,-0.673212252686114,-0.19205381733114,8.6553796396932e-18,TRUE,TRUE,TRUE,FALSE
"POSTN",0.515582309874816,4.49138967953251e-24,0.313266357736191,3.46582279271967e-09,0.627652317015144,0.361634231265155,3.25463020255979e-23,TRUE,TRUE,TRUE,FALSE
"NRGN",-0.31848962088727,3.9601803112565e-08,-0.331855845688791,3.32082593312372e-06,-0.422526244243204,-0.156475479415047,5.4850142815187e-08,TRUE,TRUE,TRUE,FALSE
"SNORD3A",0.31975149541486,8.90450358090262e-11,0.07259826693288,0.280066437168146,0.471775978155961,0.0727947064973558,1.4270037789908e-10,FALSE,TRUE,FALSE,FALSE
"SLC17A7",-0.356523189874649,4.97250233296196e-09,-0.38513114005065,3.3928224997311e-07,-0.417755214422153,-0.269106957794225,7.16498895239476e-09,TRUE,TRUE,TRUE,FALSE
"SAA1",0.427446133839456,2.79881390521805e-20,0.256455091627642,1.73840803337449e-05,0.659584086593835,0.383946377741118,1.06824958214429e-19,TRUE,TRUE,TRUE,FALSE
"COL3A1",0.52384895925602,1.85077635630362e-22,0.427872742166035,9.57909293702195e-14,0.695083858769144,0.501731458772717,9.44273651175318e-22,TRUE,TRUE,TRUE,FALSE
"NEFL",-0.215609415070854,0.000187010018342155,-0.288481800435342,0.000100008489673009,-0.262323482729208,-0.231714390543632,0.000222630974216851,TRUE,TRUE,TRUE,FALSE
"GPR17",-0.466889783920695,3.42724498411923e-17,-0.394278797724664,4.43567306619054e-08,-0.505653227218732,-0.282155843389871,8.84536119512517e-17,TRUE,TRUE,TRUE,FALSE
"INA",-0.636779437424045,5.36057406126869e-26,-0.541030084114336,1.02292655476938e-13,-0.606610239204131,-0.370901527279186,6.70071757658586e-25,TRUE,TRUE,TRUE,FALSE
"IGFBP2",0.82307233542406,6.55168185365536e-36,0.61934959873516,3.91564169032094e-19,0.718580192296768,0.528337166325876,3.27584092682768e-33,TRUE,TRUE,TRUE,FALSE
"ETNPPL",-0.550169122613191,5.72410052083317e-22,-0.500481415776964,7.09285856513315e-12,-0.662824649543901,-0.457866257009503,2.67481332749213e-21,TRUE,TRUE,TRUE,FALSE
"NSG2",-0.540172900788354,4.07016515479948e-22,-0.555401144510075,1.02934064854096e-16,-0.601471572115193,-0.410578227264542,1.95681017057667e-21,TRUE,TRUE,TRUE,FALSE
"DLL3",-0.562150369396184,2.12598939708328e-25,-0.363337540913371,6.01532349192711e-08,-0.562646102360571,-0.366736050392145,2.36221044120364e-24,TRUE,TRUE,TRUE,FALSE
"STMN2",-0.234757882310881,2.33740584668365e-05,-0.19509007899356,0.00465697900559525,-0.284965910633072,-0.151699188868969,2.94383607894666e-05,TRUE,TRUE,TRUE,FALSE
"DDX3Y",0.10356423804883,0.0576317376703458,0.035565889342944,0.611585099523627,0.054734868380543,-0.0373813161592227,0.0613103592237721,FALSE,FALSE,FALSE,FALSE
"MAG",-0.139895767083305,0.00887241219908519,-0.0849102022156453,0.240697873867945,-0.372916807004413,-0.195594562188165,0.00974990351547824,TRUE,TRUE,FALSE,FALSE
"CHI3L2",0.525797179546759,1.86554989136336e-20,0.372547919563987,2.2139673193525e-08,0.572493239091729,0.373132464798677,7.34468461166677e-20,TRUE,TRUE,TRUE,FALSE
"TIMP1",0.765856406176835,7.06790154806454e-35,0.363541374393838,1.26080076706932e-07,0.67793558006142,0.385848330980336,1.76697538701614e-32,TRUE,TRUE,TRUE,FALSE
"IGKC",0.166854912443285,0.000789572342484984,0.138036799346497,0.0346572434624254,0.21408053487896,0.194941351269251,0.000915977195458218,TRUE,TRUE,TRUE,FALSE
"PDPN",0.716278858086054,1.92516346394297e-31,0.626077351904196,2.77398288143696e-20,0.624983407732613,0.421333770965475,1.27132199865703e-29,TRUE,TRUE,TRUE,FALSE
"NNMT",0.607827717811591,3.21111437788584e-30,0.381700345003865,5.16660951233997e-09,0.673685267298787,0.418548358579571,1.00347324308932e-28,TRUE,TRUE,TRUE,FALSE
"VSNL1",-0.258416614622838,1.37439668472007e-05,-0.338447971501923,5.87376680335874e-06,-0.315311222104861,-0.250712196131797,1.73974263888617e-05,TRUE,TRUE,TRUE,FALSE
"CPLX2",-0.492176283705034,1.01629186989101e-16,-0.613707862886226,1.91026355913688e-17,-0.520537254170658,-0.37813248070889,2.43132026289716e-16,TRUE,TRUE,TRUE,FALSE
"MEOX2",0.541375997751884,1.68358028522834e-22,0.481431947961196,1.55227336045657e-17,0.549124709688519,0.310436066037798,8.6782488929296e-22,TRUE,TRUE,TRUE,FALSE
"FCGBP",0.587668298797738,2.83317543525779e-23,0.439817543646132,2.94767512916111e-12,0.671762481741496,0.48553948842681,1.72754599710841e-22,TRUE,TRUE,TRUE,FALSE
"SHD",-0.596661689674033,5.55090842543939e-28,-0.411776556327439,1.93728681368491e-09,-0.574375817039565,-0.29398890429816,9.91233647399891e-27,TRUE,TRUE,TRUE,FALSE
"AC062021.1",-0.757427092327743,3.4541274671422e-24,-0.926824044972761,1.88617363499345e-20,-0.607941633163165,-0.452652647676864,2.5397996081928e-23,TRUE,TRUE,TRUE,FALSE
"MBP",-0.174569448045353,0.00144179376696521,-0.06358597412798,0.368546862587751,-0.432560889753995,-0.251785895653044,0.00164964961895333,TRUE,TRUE,FALSE,FALSE
"NEFM",-0.434231019705574,6.49122378279837e-11,-0.307503519988188,4.71997569735899e-05,-0.490558974138735,-0.285564544770234,1.05377009461012e-10,TRUE,TRUE,TRUE,FALSE
"SERPINE1",0.651310948203866,9.98457223065234e-28,0.452654237303858,7.38941409973049e-14,0.635695080487839,0.465764280467566,1.61041487591167e-26,TRUE,TRUE,TRUE,FALSE
"COL1A1",0.429860914277034,9.8854711561797e-17,0.393447301325688,1.64616780001861e-12,0.561073955916016,0.449495234794926,2.37631518177397e-16,TRUE,TRUE,TRUE,FALSE
"SNCB",-0.469572297581275,1.25910121417988e-15,-0.502474514191271,1.41997594299749e-11,-0.502003312162806,-0.29520895348059,2.6547891191818e-15,TRUE,TRUE,TRUE,FALSE
"SNORD3B-1",0.349490788902191,5.62749336713045e-14,0.185177721008036,0.00370864466514734,0.540266644464982,0.261813397067408,1.04600248459674e-13,TRUE,TRUE,TRUE,FALSE
"MOG",-0.179803410792943,0.000795730881723663,-0.06865226727292,0.334131987406127,-0.40383426231603,-0.250280514630772,0.000920984816809795,TRUE,TRUE,FALSE,FALSE
"MOBP",-0.227130322010213,9.03808200112334e-05,-0.133373625396155,0.0670960189973017,-0.463813342719247,-0.280793519296199,0.000109685461178681,TRUE,TRUE,FALSE,FALSE
"CHGA",-0.499376321586184,1.64926255047018e-17,-0.564178409289923,4.70247942114552e-15,-0.53473970063644,-0.323795477427607,4.48169171323417e-17,TRUE,TRUE,TRUE,FALSE
"CD163",0.530564730085604,1.25188912219358e-20,0.365702949710966,3.32362142854037e-09,0.60377663124053,0.405610051109524,4.96781397695866e-20,TRUE,TRUE,TRUE,FALSE
"PACSIN1",-0.375194634480894,2.97055478892449e-09,-0.426532526389065,5.66551987168796e-08,-0.442718555414606,-0.319004352761952,4.34291635807674e-09,TRUE,TRUE,TRUE,FALSE
"CAMK2A",-0.226003513227349,0.000142292830870436,-0.306760810933576,3.00549406625138e-05,-0.305883789777639,-0.277619340252211,0.000170614905120426,TRUE,TRUE,TRUE,FALSE
"METTL7B",0.564097276342928,7.65198677860426e-22,0.521719999531169,1.84684324810394e-16,0.573338031968169,0.46648274616615,3.54258647157605e-21,TRUE,TRUE,TRUE,FALSE
"NNAT",0.0988750500883913,0.0676361778135333,0.081402794084978,0.26745683927364,0.00636514434548739,0.00704944774318181,0.0714970167162086,FALSE,FALSE,FALSE,FALSE
"OPALIN",-0.249178637589064,4.90498309143843e-05,-0.161385300874506,0.030576431529639,-0.439896702828038,-0.276871216922946,6.05553468078818e-05,TRUE,TRUE,TRUE,FALSE
"KLRC2",-0.528135318054164,1.75602275015515e-17,-0.315150360161195,1.38790064459235e-05,-0.494276647394693,-0.243236057236064,4.73908767389595e-17,TRUE,TRUE,TRUE,FALSE
"SNAP25",-0.382177541137093,9.78247646216686e-12,-0.397007907001192,2.89072010028399e-08,-0.431310342892209,-0.300983475555376,1.63586562912489e-11,TRUE,TRUE,TRUE,FALSE
"MOXD1",0.524327287054694,2.93867529369098e-20,0.491148762307843,6.56103087174293e-14,0.507460908904542,0.264990690086609,1.11313458094355e-19,TRUE,TRUE,TRUE,FALSE
"MT-RNR2",-0.499611320005345,1.07832996170945e-23,-0.244595245639203,0.000102672601050721,-0.718309991920289,-0.243612358812317,7.28601325479356e-23,TRUE,TRUE,TRUE,FALSE
"TPTEP1",-0.408922086005477,7.02317011071159e-08,-0.265371478459115,0.00155896618526722,-0.524911996479916,-0.36364822623493,9.6472116905379e-08,TRUE,TRUE,TRUE,FALSE
"SLN",0.204528762276929,4.36703450513939e-05,0.213169269846048,0.00123751639643118,0.369752279925303,0.272048796977401,5.40474567467747e-05,TRUE,TRUE,TRUE,FALSE
"MMP9",0.48374916226227,7.49696585666758e-21,0.398457217127141,3.78174442307145e-12,0.668246931130086,0.55136125326679,3.04754709620633e-20,TRUE,TRUE,TRUE,FALSE
"IL13RA2",0.471082089966817,3.89385479196445e-17,0.552716659477532,3.4808271331997e-17,0.493065538325658,0.345731093003265,9.93330304072564e-17,TRUE,TRUE,TRUE,FALSE
"SELL",-0.453850063984637,2.25859776592611e-12,-0.536368069591917,5.96144357335121e-10,-0.550475031263427,-0.32264553246463,3.90760859156766e-12,TRUE,TRUE,TRUE,FALSE
"LINC00689",-0.391318313465635,2.85803864743646e-10,-0.292438657453209,0.000174737647271659,-0.330453024130941,-0.239170783446219,4.45177359413778e-10,TRUE,TRUE,TRUE,FALSE
"CRTAC1",-0.709618693148399,2.06157424151366e-31,-0.618399017746591,3.08741088070088e-18,-0.691527865991253,-0.450859486259005,1.27132199865703e-29,TRUE,TRUE,TRUE,FALSE
"SST",-0.392498548235777,8.23073554317281e-11,-0.324649398950837,9.23562174710698e-06,-0.53616456375022,-0.286134348152888,1.32326937993132e-10,TRUE,TRUE,TRUE,FALSE
"CHGB",-0.581533377290532,4.36329476563317e-23,-0.606290208410683,5.09669203227684e-17,-0.633566494161102,-0.37501450729492,2.56664397978422e-22,TRUE,TRUE,TRUE,FALSE
"SYN1",-0.487162690686089,1.30285880393401e-17,-0.591359473279803,1.96190631234615e-14,-0.592323549075204,-0.330445033728837,3.59905746943097e-17,TRUE,TRUE,TRUE,FALSE
"VGF",0.0723103509548891,0.182755235005593,-0.00636708911775311,0.93002885338473,0.0719466333799202,0.0585243788501762,0.191166563813382,FALSE,FALSE,FALSE,FALSE
"FMOD",0.43066274987499,4.4410607721684e-17,0.343893390651386,3.71963918697426e-09,0.56714281568007,0.312688757219721,1.12147999297182e-16,TRUE,TRUE,TRUE,FALSE
"PI3",0.352240333229395,1.42439366792384e-13,0.242496200462384,1.88086093119859e-05,0.486072607140561,0.369237685187718,2.58980666895244e-13,TRUE,TRUE,TRUE,FALSE
"OLIG1",-0.492868096633473,7.991457373173e-25,-0.310376536940404,3.12627407769122e-06,-0.617386811319617,-0.212197988972492,7.68409362805096e-24,TRUE,TRUE,TRUE,FALSE
"IGHG1",0.146122149392815,0.00305928652707398,0.171289055522918,0.00682964396062372,0.266881798878225,0.236304921599181,0.00342969341600222,TRUE,TRUE,TRUE,FALSE
"ERMN",-0.147178255751933,0.00790045952711107,-0.0881169544996205,0.218625975257551,-0.37746199427337,-0.223665687198428,0.00872015400343385,TRUE,TRUE,FALSE,FALSE
"SYT1",-0.270625743463435,4.8980054800584e-06,-0.262131617460038,0.000261128022389007,-0.339258573149174,-0.245852810714976,6.36104607799792e-06,TRUE,TRUE,TRUE,FALSE
"NTSR2",-0.421867170429932,2.02420519055906e-13,-0.356553941622483,7.41762714655385e-07,-0.571110940316362,-0.339023819323594,3.6537999829586e-13,TRUE,TRUE,TRUE,FALSE
"TNR",-0.488829818347984,1.59716192219178e-22,-0.581533735409078,1.61158079140303e-15,-0.586995815503327,-0.466240382615402,8.31855167808221e-22,TRUE,TRUE,TRUE,FALSE
"CRLF1",-0.492848630859845,4.93597845820829e-14,-0.542890580520126,9.85940645349268e-12,-0.510750891277502,-0.311812480344086,9.20891503397069e-14,TRUE,TRUE,TRUE,FALSE
"F13A1",0.415850841503486,2.25670391990904e-15,0.193644003653076,0.0020795395805757,0.518391073833439,0.195262795691802,4.62439327850213e-15,TRUE,TRUE,TRUE,FALSE
"H19",0.402218391676993,2.13621587147732e-18,0.541531345191878,3.53686056041245e-19,0.582730876334064,0.421454118236332,6.55723269679062e-18,TRUE,TRUE,TRUE,FALSE
"PLA2G2A",0.317276353444821,1.17707016561551e-12,0.303254601665916,1.71501380983239e-07,0.565532302928789,0.422055801393589,2.05781497485229e-12,TRUE,TRUE,TRUE,FALSE
"GSTM1",0.0720222972414375,0.165537464509726,0.125330869532522,0.0645869120922846,0.121681688537302,0.00528689428374153,0.173519354831998,FALSE,FALSE,FALSE,FALSE
"SOCS3",0.624992755457003,7.74239451289308e-27,0.594405359481548,4.43681747297003e-20,0.622380211347281,0.487229804154716,1.13858742836663e-25,TRUE,TRUE,TRUE,FALSE
"CXCL14",0.216288064442421,0.000113858352130773,-0.088764416935222,0.213649377924327,0.169187508001113,0.109498453734549,0.000137178737506956,TRUE,TRUE,FALSE,FALSE
"SULT4A1",-0.332441229587131,4.28853256570912e-08,-0.375414627126494,7.85308581688737e-07,-0.401628613628045,-0.271729326444461,5.92338752169768e-08,TRUE,TRUE,TRUE,FALSE
"EMP3",0.681410160531246,8.82780280791848e-28,0.488004769200313,7.65201996720363e-13,0.592598382273876,0.452853405090524,1.5220349668825e-26,TRUE,TRUE,TRUE,FALSE
"GRIN1",-0.584718837277314,5.84074055114083e-19,-0.61603013747245,7.4187898415617e-14,-0.561378578314795,-0.322537273324583,1.90873874220289e-18,TRUE,TRUE,TRUE,FALSE
"USH1C",-0.628815103988304,6.13632723754835e-20,-0.495715255913881,1.17548306329687e-10,-0.642408137898907,-0.437618671857367,2.25600266086336e-19,TRUE,TRUE,TRUE,FALSE
"FAM163B",-0.526750373137414,5.66008477445812e-17,-0.379834506129728,2.4359500171709e-07,-0.51434629030333,-0.327275426955302,1.40101108278666e-16,TRUE,TRUE,TRUE,FALSE
"GALNT13",-0.544881825683013,4.3620847178299e-23,-0.560503405535211,9.52608957481968e-15,-0.636186716171669,-0.406414815007131,2.56664397978422e-22,TRUE,TRUE,TRUE,FALSE
"S100A9",0.516334780969039,2.4931935574401e-19,0.21791451230368,0.00106258415468422,0.565868355013507,0.32807774146186,8.65692207444478e-19,TRUE,TRUE,TRUE,FALSE
"L1CAM",-0.39536905615228,4.09235454386799e-12,-0.354547055375233,7.63114532088901e-07,-0.374981898395176,-0.239584686636665,7.00745641073286e-12,TRUE,TRUE,TRUE,FALSE
"SLC14A1",-0.19985613523557,0.000565886940887367,-0.191379967479924,0.0097595162213407,-0.349086065009337,-0.303670296882716,0.000659541889146116,TRUE,TRUE,TRUE,FALSE
"ANXA1",0.646796065863688,6.1009922918753e-25,0.587973115834701,1.25485364815405e-16,0.615322559632271,0.366402687379072,5.98136499203461e-24,TRUE,TRUE,TRUE,FALSE
"IBSP",0.458533719543571,5.16597223805454e-20,0.379420879364078,1.91545214795134e-12,0.645878740728924,0.469235446917404,1.92760158136363e-19,TRUE,TRUE,TRUE,FALSE
"ATCAY",-0.414232038147392,3.43558393964708e-16,-0.42014206182078,3.36384879904747e-11,-0.504601840577719,-0.338432350276717,7.73780166587179e-16,TRUE,TRUE,TRUE,FALSE
"COL4A1",0.621257439467921,2.09551277846845e-24,0.669792415245766,1.03173365970247e-22,0.704100198186077,0.524145162824239,1.74626064872371e-23,TRUE,TRUE,TRUE,FALSE
"CSDC2",-0.618338591539581,2.84392923812456e-24,-0.625494209090019,2.45330568692678e-18,-0.67317452298098,-0.453558570142565,2.15449184706406e-23,TRUE,TRUE,TRUE,FALSE
"SH3GL2",-0.521239389930656,2.14331118161799e-20,-0.476267645452237,2.49390346533807e-11,-0.657927213445219,-0.434004200169594,8.3074076806899e-20,TRUE,TRUE,TRUE,FALSE
"ZNF488",-0.548070513477644,8.7815536955239e-23,-0.278521674147739,0.000106416393809047,-0.593697679203221,-0.28266808196463,4.87864094195772e-22,TRUE,TRUE,TRUE,FALSE
"CCK",-0.314909795156719,2.08306116202544e-07,-0.402722626570965,1.41813851775302e-07,-0.33628989355978,-0.2876434521166,2.80736005663805e-07,TRUE,TRUE,TRUE,FALSE
"HPCA",-0.227937363239635,9.50936101033581e-05,-0.303876435934824,1.97770607239023e-05,-0.294093025179535,-0.171502176961359,0.000115125435960482,TRUE,TRUE,TRUE,FALSE
"KDM5D",0.124285468813106,0.0242716092166319,0.0721110304758167,0.295064947030324,0.0146729714374117,-0.0443199993487546,0.026439661456026,FALSE,TRUE,FALSE,FALSE
"MAL",-0.201916570049462,0.000285361730440569,-0.178298722506412,0.0139488093790778,-0.44854445220877,-0.218578541856353,0.000335719682871258,TRUE,TRUE,TRUE,FALSE
"BCYRN1",-0.367915054435221,1.90917699758214e-10,-0.180988889156918,0.0223755304441844,-0.464217836637416,-0.158134078995995,3.00185062512915e-10,TRUE,TRUE,TRUE,FALSE
"TMEM130",-0.366519282227719,1.73040500640318e-09,-0.464683062450899,7.3523539396593e-09,-0.481055451967352,-0.310520020341239,2.55977071953134e-09,TRUE,TRUE,TRUE,FALSE
"C1QL1",-0.375514306746035,2.25854853287551e-12,-0.206983824048276,0.00251582954136191,-0.408774060487177,-0.198305415922635,3.90760859156766e-12,TRUE,TRUE,TRUE,FALSE
"CA10",-0.449077590805187,1.768756185914e-15,-0.517324415302405,2.38440749679128e-12,-0.520618802645554,-0.349771989584678,3.65445492957439e-15,TRUE,TRUE,TRUE,FALSE
"CXCL10",0.406501123858188,8.34718071245245e-16,0.400932626189026,4.21924093526998e-12,0.565740009710552,0.364582095564062,1.8067490719594e-15,TRUE,TRUE,TRUE,FALSE
"HPSE2",-0.770652126890119,2.29879248124543e-24,-0.33696263884071,0.000268837961628762,-0.69812160179164,-0.486270131801892,1.88425613216839e-23,TRUE,TRUE,TRUE,FALSE
"TRIM67",-0.573249619105811,8.06805305697359e-16,-0.57354576483852,4.01246972276095e-10,-0.485607952000751,-0.307190900820473,1.7615836368938e-15,TRUE,TRUE,TRUE,FALSE
"LUZP2",-0.570353158315393,5.9553062807734e-23,-0.380597662941273,5.65869198606376e-07,-0.633988936544617,-0.368375793047087,3.42258981653644e-22,TRUE,TRUE,TRUE,FALSE
"RARRES2",0.440055883311107,2.59401594305353e-16,0.298247158062648,2.65563388712664e-05,0.503019820718874,0.274269999296752,5.97699526049201e-16,TRUE,TRUE,TRUE,FALSE
"ABCC3",0.624257811868795,9.89623652893129e-34,0.428888370089093,8.75276710554483e-12,0.669103968310868,0.429356304858615,1.64937275482188e-31,TRUE,TRUE,TRUE,FALSE
"VIPR2",-0.500875381797103,7.4816672093617e-18,-0.390576769878954,7.7113649389482e-08,-0.469683542658796,-0.329118472010684,2.11922175044749e-17,TRUE,TRUE,TRUE,FALSE
"SOX10",-0.0474365013881574,0.355457623971001,0.223420813479564,0.00183056051373463,-0.255713130715033,-0.0569771750118774,0.361237422734757,FALSE,FALSE,FALSE,FALSE
"SCG3",-0.562340845221089,1.44914613417349e-29,-0.429922681988041,9.32578963792269e-12,-0.695039989715132,-0.421358301896368,4.0254059282597e-28,TRUE,TRUE,TRUE,FALSE
"MTND1P23",-0.164993425609487,0.00514477028158465,-0.301142574771541,0.00191692532625659,-0.193353036862222,-0.168943682436172,0.00571641142398295,TRUE,TRUE,TRUE,FALSE
"SPOCD1",0.542488539043266,2.77789054427293e-22,0.47348651170008,7.63319913298134e-14,0.575459945784903,0.499745140399963,1.3484905554723e-21,TRUE,TRUE,TRUE,FALSE
"PLP1",-0.348521718658124,4.73627351901752e-11,-0.17036651466255,0.017780726328465,-0.521784821928927,-0.319363473072738,7.73900901800249e-11,TRUE,TRUE,TRUE,FALSE
"MT-CO1",-0.407218198921408,4.75825178472167e-18,-0.1329423727519,0.0452014223511379,-0.653366708778462,-0.253820671667052,1.37521727882129e-17,TRUE,TRUE,TRUE,FALSE
"FABP5",0.532645229984287,3.68519609517137e-21,0.432875548731009,9.47018524087642e-09,0.594086432899098,0.282220934416473,1.56152376914041e-20,TRUE,TRUE,TRUE,FALSE
"DDN",-0.426626224615002,3.72565421071414e-10,-0.392449939836614,5.59328017170648e-07,-0.489246966675073,-0.325555089763005,5.76726658005285e-10,TRUE,TRUE,TRUE,FALSE
"ZNF460",0.379383200581085,1.81816137495443e-15,0.106042765378941,0.0935430181391022,0.474181901928292,0.060105431992705,3.74107278797208e-15,FALSE,TRUE,FALSE,FALSE
"XIST",-0.090086977266068,0.108196108028413,-0.127371396036928,0.0827862658815764,0.0360232601660774,-0.0599798652908162,0.114130915641786,FALSE,FALSE,FALSE,FALSE
"ZDHHC22",-0.643555560288739,1.81117869934815e-32,-0.561323257477498,1.10364087371914e-16,-0.668254832543136,-0.432914095987748,2.26397337418518e-30,TRUE,TRUE,TRUE,FALSE
"LHFPL3",-0.306257270542902,9.67033466939994e-10,-0.146864711586503,0.0355136223405872,-0.324539811568008,-0.173040362970508,1.4520022026126e-09,TRUE,TRUE,TRUE,FALSE
"RPRM",-0.528331072683335,2.97346454626174e-18,-0.430174828794387,2.88691799235549e-09,-0.619517504046809,-0.346051093855465,8.79723238538976e-18,TRUE,TRUE,TRUE,FALSE
"PIANP",-0.446863669999548,2.73580705486978e-19,-0.323590694726537,3.68598734949085e-07,-0.634286040765182,-0.318935503419476,9.43381743058546e-19,TRUE,TRUE,TRUE,FALSE
"SOX8",-0.524110005917628,3.55431523572887e-28,-0.320124193359701,8.32544084765027e-07,-0.614398833249491,-0.33852619441975,6.8352216071709e-27,TRUE,TRUE,TRUE,FALSE
"TMSB4XP8",0.578070865791971,2.49755357299115e-26,0.130412044539688,0.0580120717941394,0.720117624637316,0.148677900123909,3.37507239593399e-25,TRUE,TRUE,FALSE,FALSE
"EIF1AY",0.0466562501217912,0.381626844983397,-0.0459002508147976,0.504721406233847,-0.00557040672818195,0.0309773863439177,0.387045481727583,FALSE,FALSE,FALSE,FALSE
"CACNG3",-0.407177489496764,1.7394085813661e-09,-0.426793679107885,1.12842004413538e-06,-0.486651694439028,-0.326575520034397,2.56549938254587e-09,TRUE,TRUE,TRUE,FALSE
"SNORD3B-2",0.337252084352991,1.44638090587227e-14,0.242432726719429,0.00018765004047882,0.599770941897657,0.163407190960365,2.77084464726488e-14,TRUE,TRUE,TRUE,FALSE
"SNAP91",-0.566059916411806,1.23088426070191e-23,-0.509936950697124,2.93830652196054e-13,-0.656246560718341,-0.425807595242337,8.20589507134609e-23,TRUE,TRUE,TRUE,FALSE
"CCL4L2",-0.148927623634073,0.0115246895298127,-0.0765381647177163,0.281381496761896,-0.275001532778409,-0.0220991300239239,0.0126367209756718,FALSE,TRUE,FALSE,FALSE
"COL6A2",0.545630339781046,2.35999372860343e-24,0.421507762202127,3.51791955331969e-12,0.626989682827474,0.445162718583835,1.90322074887373e-23,TRUE,TRUE,TRUE,FALSE
"ADM",0.468929399847584,1.1248652738502e-17,0.443319777149321,6.53619250012631e-13,0.620314615902232,0.531277613084424,3.12462576069501e-17,TRUE,TRUE,TRUE,FALSE
"COL1A2",0.492461623585275,2.04532135279808e-23,0.421236652060915,1.25212965243686e-13,0.669155990073861,0.463567718913665,1.26254404493709e-22,TRUE,TRUE,TRUE,FALSE
"MAOB",0.348181338612066,1.28117593145155e-08,0.455848211890641,2.19820025752237e-09,0.227549499306974,0.207094891659712,1.81985217535732e-08,TRUE,TRUE,TRUE,FALSE
"CARNS1",-0.20154004794048,0.000409826894351748,-0.108683256179172,0.135827974669421,-0.450185426161466,-0.26189202082451,0.000479890976992679,TRUE,TRUE,FALSE,FALSE
"AEBP1",0.489958663964911,9.43410938398209e-17,0.487381520545081,2.16824367773806e-11,0.400854309277428,0.282024167078176,2.27877038260437e-16,TRUE,TRUE,TRUE,FALSE
"SCRT1",-0.686564065712671,1.03235478247473e-24,-0.615116902973441,2.9879841049859e-16,-0.60747001785067,-0.402506912296763,9.7391960610824e-24,TRUE,TRUE,TRUE,FALSE
"EMILIN3",0.430497448916613,7.84925051106955e-16,0.480914341072736,2.38846891898047e-17,0.457024414269888,0.329634876803111,1.72132686646262e-15,TRUE,TRUE,TRUE,FALSE
"HBB",0.205805309020072,0.000188326434428491,-0.137044203659623,0.0593210349770486,0.314743767486336,-0.0952560137880541,0.000223665599083718,FALSE,TRUE,FALSE,FALSE
"SYT4",-0.367206935246252,4.19527531184954e-10,-0.50406289883971,2.99210466461656e-10,-0.401385110164948,-0.321288487437517,6.45426971053776e-10,TRUE,TRUE,TRUE,FALSE
"CDK5R2",-0.515669598398271,3.58566617132412e-18,-0.521830162805994,2.8933818247879e-12,-0.540688365623475,-0.293279000217716,1.04844040097196e-17,TRUE,TRUE,TRUE,FALSE
"PRLHR",-0.86414922513116,1.52424151962611e-23,-0.799034534042396,1.62496547393537e-12,-0.686864325104096,-0.490093797208427,9.89767220536434e-23,TRUE,TRUE,TRUE,FALSE
"HLA-DQA2",0.320684917454325,2.88465005399184e-09,0.139161551195452,0.0131129515452767,0.246061545925101,0.252029892765436,4.22969216127835e-09,TRUE,TRUE,TRUE,FALSE
"TUBB4A",-0.401390323042461,1.02987786026677e-14,-0.242061703897727,0.000401797446170181,-0.581365544018208,-0.357040691822664,2.00365342464353e-14,TRUE,TRUE,TRUE,FALSE
"ELFN2",-0.624463134783502,4.47875876812861e-25,-0.511598500300755,5.71128815289673e-14,-0.675138139658604,-0.445381829448062,4.5701620082945e-24,TRUE,TRUE,TRUE,FALSE
"IGHA1",0.199093351561612,8.87348817229882e-05,0.145127592694479,0.0219533347464126,0.240602628310348,0.245590365099041,0.000108477850517101,TRUE,TRUE,TRUE,FALSE
"FERMT1",-0.579959935805402,1.12837427753273e-24,-0.457479154062529,3.6099623194276e-09,-0.49659994998621,-0.342835195164085,1.02579479775702e-23,TRUE,TRUE,TRUE,FALSE
"PCDHGB7",-0.116875618244997,0.0287452910890393,-0.143391105851569,0.0449485028715112,-0.0396919691117341,-0.142249119985576,0.0311771053026457,FALSE,TRUE,TRUE,FALSE
"SPP1",0.604328250252685,1.87854217836897e-24,0.475635572968066,6.27566967618728e-10,0.526994586616367,0.307295965303328,1.61943291238704e-23,TRUE,TRUE,TRUE,FALSE
"FBXL16",-0.487547257725581,9.97489845284192e-19,-0.345268577510789,1.17332903292117e-06,-0.651029105845408,-0.305600168681302,3.19708283744933e-18,TRUE,TRUE,TRUE,FALSE
"CPLX1",-0.541322176449591,4.00633520818093e-21,-0.472090404950112,8.00295655219397e-12,-0.596398864562831,-0.31418080975718,1.68333412108443e-20,TRUE,TRUE,TRUE,FALSE
"COL20A1",-0.113838166148741,0.0346952583602772,-0.0644779969082849,0.375951138384727,-0.191134127609839,-0.115755242238861,0.0375489809093909,TRUE,TRUE,FALSE,FALSE
"NPY",-0.275875936084391,7.3376012433954e-07,-0.232453518220495,0.000929781296905063,-0.461771911431455,-0.237699008474774,9.75744846196196e-07,TRUE,TRUE,TRUE,FALSE
"NPTX2",0.161855532535995,0.00247769317636574,0.00962653261255633,0.893073871505686,0.0916726787192969,0.0105373981594115,0.00279019501842989,FALSE,TRUE,FALSE,FALSE
"KLK6",-0.160833006217205,0.00309132791113596,-0.0632311412143654,0.37753015438754,-0.371406295632929,-0.173964415271995,0.00345786119813866,TRUE,TRUE,FALSE,FALSE
"ACTL6B",-0.494188971454481,1.86715916204745e-17,-0.590376723563344,2.84165424779643e-16,-0.504167044520162,-0.32170743437305,4.97065308682748e-17,TRUE,TRUE,TRUE,FALSE
"MALAT1",0.343987639232442,5.99630393201211e-12,0.124535154596905,0.0656195645874343,0.386112365768429,-0.0132964619130412,1.01632270034104e-11,FALSE,TRUE,FALSE,FALSE
"TNFRSF12A",0.748223253787632,2.28837959758265e-31,0.686513756014189,1.37725887790185e-22,0.654662563324116,0.49598193792267,1.27132199865703e-29,TRUE,TRUE,TRUE,FALSE
"THBS1",0.480675047161479,1.06088036082704e-21,0.391241773256165,6.9482664333568e-11,0.61295144903592,0.371280603511116,4.82218345830471e-21,TRUE,TRUE,TRUE,FALSE
"SNRPGP10",0.647144291919848,9.29437067411133e-28,0.173978213352053,0.0121739832591693,0.757256563918539,0.207205086138759,1.54906177901856e-26,TRUE,TRUE,TRUE,FALSE
"JPH3",-0.657974476701215,4.54502101378652e-26,-0.581961027975445,6.13410672882883e-17,-0.67770618700005,-0.455424669889308,5.98029080761384e-25,TRUE,TRUE,TRUE,FALSE
"SEZ6L",-0.473136934603922,5.63250010156528e-20,-0.484225680485692,4.01331360445207e-12,-0.527882026576573,-0.330252942485902,2.08611114872788e-19,TRUE,TRUE,TRUE,FALSE
"EGFR",0.0680811212577038,0.188967330533171,0.134866731750056,0.0732148681107601,0.173837866586495,-0.0334661580320272,0.196840969305386,FALSE,FALSE,FALSE,FALSE
"GABRG1",-0.640198399199282,2.75016296709532e-21,-0.439263113849644,5.5614174532275e-08,-0.676239264944871,-0.444614591716622,1.18541507202384e-20,TRUE,TRUE,TRUE,FALSE
"CCL3L3",-0.145518533032042,0.0130430474187742,-0.189049457990929,0.0113408172978656,-0.270836921114422,-0.0930169995754857,0.0142702925807157,FALSE,TRUE,TRUE,FALSE
"BCAN",-0.48168479393801,4.74802861998811e-25,-0.263949065802797,2.03759012582779e-05,-0.564498577685429,-0.272975191118017,4.74802861998811e-24,TRUE,TRUE,TRUE,FALSE
"JPH4",-0.508792075028125,1.82326285851424e-23,-0.444463253120842,1.04997251338798e-11,-0.669405460825616,-0.412950209543844,1.16875824263733e-22,TRUE,TRUE,TRUE,FALSE
"TOP2A",0.519611883923853,4.6532860054065e-17,0.497121998887681,1.72662567412982e-11,0.593510971113367,0.41352387361606,1.16916733804183e-16,TRUE,TRUE,TRUE,FALSE
"IGFBP3",0.482918821328183,5.22006069262656e-16,0.568436333247052,1.70046568815987e-19,0.494267784184139,0.488462784425448,1.15730687249486e-15,TRUE,TRUE,TRUE,FALSE
"CA3",0.374899325324515,3.17977978583506e-15,0.376290578863724,3.8435613410404e-12,0.613834526538648,0.371846083439552,6.33422268094634e-15,TRUE,TRUE,TRUE,FALSE
"FA2H",-0.410544737902029,9.72231101187226e-14,-0.231626500931701,0.00129711189104435,-0.580964201217785,-0.322976253098725,1.79378431953363e-13,TRUE,TRUE,TRUE,FALSE
"SUSD5",-0.490313729331042,2.30499743434656e-15,-0.333338541586841,1.97786001522929e-05,-0.480989437156765,-0.294679838328005,4.70407639662562e-15,TRUE,TRUE,TRUE,FALSE
"GPX1P1",0.435836492994848,9.14425201891875e-16,0.216904105263954,0.0019118734386345,0.552120453337024,0.118763523768899,1.96228584096969e-15,TRUE,TRUE,TRUE,FALSE
"TMSB15A",0.110662570654756,0.0388415363437451,0.168365307293799,0.0245900125485428,0.060781090532057,0.132822418046814,0.0417650928427367,FALSE,TRUE,TRUE,FALSE
"RGS4",-0.0882105727903551,0.123572638937843,-0.293532537526797,0.000125809324311253,-0.157940564516676,-0.15547471293533,0.130076462039835,TRUE,FALSE,FALSE,FALSE
"VAT1L",-0.315628997158557,1.61390130995285e-09,-0.385918002265725,3.65366694275769e-07,-0.48676424064945,-0.301696586863448,2.39451232930691e-09,TRUE,TRUE,TRUE,FALSE
"ASIC4",-0.406341341786758,3.99659203853703e-15,-0.415423332941286,6.28036093023732e-10,-0.406870894460344,-0.255255003059483,7.9297461082084e-15,TRUE,TRUE,TRUE,FALSE
"UGT8",-0.374115374622872,1.06178158577943e-13,-0.157422357553671,0.0275429949254435,-0.526923773147805,-0.281646370557695,1.94465491900995e-13,TRUE,TRUE,TRUE,FALSE
"G0S2",0.543107043278657,4.67575120320074e-23,0.452073163639455,6.97729288307609e-14,0.59049843528782,0.436391623920735,2.7184600018609e-22,TRUE,TRUE,TRUE,FALSE
"IRX1",0.0550286986367327,0.314189458521019,0.182857955401238,0.0101832579390712,-0.134588353309882,-0.0254969071026568,0.321257115052167,FALSE,FALSE,FALSE,FALSE
"PDLIM4",0.535236581199122,2.28634797025229e-21,0.36832233666955,1.22209464055395e-07,0.491013568139164,0.366646806886743,9.94064334892298e-21,TRUE,TRUE,TRUE,FALSE
"PHYHIP",-0.374198134204813,2.41237743753425e-10,-0.557065718459024,7.94223851104999e-12,-0.491916970660505,-0.302896799225347,3.76933974614727e-10,TRUE,TRUE,TRUE,FALSE
"CCL4",-0.0766749503182756,0.188274846984625,0.0107372920654418,0.877894796390901,-0.187619064005149,0.0101236784247669,0.196529067833638,FALSE,FALSE,FALSE,FALSE
"UBE2C",0.516804678753339,7.50204499658411e-18,0.565320294322851,4.91364578676832e-15,0.598108170919883,0.426235875442947,2.11922175044749e-17,TRUE,TRUE,TRUE,FALSE
"MMD2",-0.461044132055807,2.14275023737241e-16,-0.587841410734867,6.18430928620972e-16,-0.568127272380837,-0.43823627286232,4.98314008691259e-16,TRUE,TRUE,TRUE,FALSE
"HPCAL4",-0.372549255159646,1.24966207091353e-10,-0.482171751562039,2.27624419067574e-10,-0.520279452674746,-0.371704026561723,1.98359058875164e-10,TRUE,TRUE,TRUE,FALSE
"RBP1",0.470920007915575,1.86896556064713e-17,0.387265271696842,9.3466659094746e-08,0.499211125746071,0.317121424950596,4.97065308682748e-17,TRUE,TRUE,TRUE,FALSE
"PTX3",0.58876553853995,1.28385320023701e-28,0.422626962051143,5.04749588399222e-14,0.643881279706683,0.412784432155607,2.79098521790655e-27,TRUE,TRUE,TRUE,FALSE
"CRYM",-0.1605100105527,0.00649381701617405,-0.385300222500241,1.19892001235218e-06,-0.245540579916394,-0.22070689115434,0.0071834259028474,TRUE,TRUE,TRUE,FALSE
"FTLP3",0.543063118567611,1.05822151813568e-24,0.138977622301473,0.0229164084204,0.71309287032352,0.105902071075815,9.79834739014522e-24,TRUE,TRUE,TRUE,FALSE
"IGLC2",0.216770630835489,2.66643570189182e-05,0.166614214970955,0.00587560764085717,0.313894277841099,0.174973274145863,3.34139812267145e-05,TRUE,TRUE,TRUE,FALSE
"MYBL2",0.490570837593705,2.65021808388301e-17,0.654399693866597,6.29822847211298e-20,0.58377800071426,0.474308071377304,6.93774367508642e-17,TRUE,TRUE,TRUE,FALSE
"LYZ",0.617214483057455,3.25436333148782e-25,0.268652667017156,1.39365701516497e-05,0.609892500051218,0.300689364012086,3.44899585199597e-24,TRUE,TRUE,TRUE,FALSE
"MGP",0.399879426648161,7.51756135812748e-13,0.136061873157392,0.0482399017524551,0.498782729657187,0.241269631782016,1.3281910526727e-12,TRUE,TRUE,TRUE,FALSE
"NPTX1",-0.239510809527373,2.9600726121354e-05,-0.270259983647972,0.000243127196271586,-0.246197982309322,-0.182780310738601,3.70009076516925e-05,TRUE,TRUE,TRUE,FALSE
"PI16",-0.0580055961895418,0.305367519797627,-0.02488304028176,0.72290950798415,-0.138906560281731,-0.158229969355621,0.3128765571697,TRUE,FALSE,FALSE,FALSE
"GABBR2",-0.455288583247127,2.06051461508357e-14,-0.307223140330319,2.53005875849147e-05,-0.573182285175884,-0.326600660569529,3.91732816555812e-14,TRUE,TRUE,TRUE,FALSE
"SVOP",-0.576322219307551,1.14968410569095e-18,-0.694000566790421,3.89816291318511e-17,-0.525642981021383,-0.384979664745858,3.61535882292751e-18,TRUE,TRUE,TRUE,FALSE
"CALN1",-0.621631733815805,3.49165454776406e-19,-0.663510787181496,3.61468364050949e-13,-0.62302260355835,-0.469762646295749,1.17169615696781e-18,TRUE,TRUE,TRUE,FALSE
"VSTM2A",-0.526890450304247,1.09298537190962e-15,-0.540921630505272,8.71143419214403e-12,-0.519390164061507,-0.376908265552306,2.32550079129707e-15,TRUE,TRUE,TRUE,FALSE
"BCAS1",-0.234530847125456,3.65482977629016e-06,-0.024792810071046,0.72502479429827,-0.395219350993534,-0.226744370038508,4.75889293787781e-06,TRUE,TRUE,FALSE,FALSE
"TGFBI",0.50015824645791,9.33301426824962e-20,0.264476203346491,7.88110694298998e-05,0.592214494657924,0.315200944661272,3.30957952774809e-19,TRUE,TRUE,TRUE,FALSE
"CNDP1",-0.0531708994060084,0.322611707949239,-0.0114074755347411,0.87162910451701,-0.243802802331396,-0.120767646819068,0.329195620356367,TRUE,FALSE,FALSE,FALSE
"S100A8",0.415738238525156,2.63457637882202e-15,0.242845815492986,0.000308459222228042,0.452788000269828,0.294350028207273,5.3116459250444e-15,TRUE,TRUE,TRUE,FALSE
"LINGO1",-0.49340634015085,1.47603462357245e-21,-0.410234391457955,1.02519830923778e-10,-0.589522814548578,-0.337502016050241,6.58944028380559e-21,TRUE,TRUE,TRUE,FALSE
"PCDHGA10",-0.03005246499169,0.574887584999699,-0.234874501772748,0.00210496705426473,0.141250942924116,-0.0934629625204253,0.580694530302727,FALSE,FALSE,FALSE,FALSE
"CCL2",0.351176311166776,4.82781711688386e-11,0.251522019891105,0.000251284592368789,0.349378142427547,0.174450276071226,7.86289432717241e-11,TRUE,TRUE,TRUE,FALSE
"TRH",0.0596095757648908,0.235856964485266,0.148461229064517,0.0279010465416707,0.13570556297723,0.178185815945777,0.243825685291467,TRUE,FALSE,FALSE,FALSE
"KCNIP2",-0.629161939052798,1.89665619104182e-22,-0.608143405070898,4.67064020632719e-17,-0.654010527751621,-0.472089452008363,9.57907167192838e-22,TRUE,TRUE,TRUE,FALSE
"CALY",-0.416058905339157,6.9051976834388e-11,-0.492911354989372,1.42077477449864e-09,-0.464435812223453,-0.277281959859456,1.11734590346906e-10,TRUE,TRUE,TRUE,FALSE
"GPX3",-0.231278765986501,0.000111923268483282,-0.205770463617596,0.00349932605007526,-0.336309716977094,-0.130036679713527,0.000135173029569182,TRUE,TRUE,TRUE,FALSE
"SLC6A17",-0.338787405755573,1.16365411097864e-07,-0.406247618858767,4.28414271453918e-07,-0.379600404868604,-0.302907080075083,1.58105178122098e-07,TRUE,TRUE,TRUE,FALSE
"FLNC",0.57718443067533,3.35710767472931e-24,0.539520009936206,2.36628723913077e-18,0.548857932468272,0.341937437410249,2.50530423487262e-23,TRUE,TRUE,TRUE,FALSE
"SPHKAP",-0.675304572564967,1.34669221495803e-22,-0.760959752025245,6.45858892276836e-14,-0.606527270515186,-0.452510656374469,7.24028072558082e-22,TRUE,TRUE,TRUE,FALSE
"CREG2",-0.289498894186947,5.36907993254081e-06,-0.357424855933936,8.85740925693495e-06,-0.306721075320691,-0.223262498621938,6.91891743884125e-06,TRUE,TRUE,TRUE,FALSE
"RPH3A",-0.25225455052399,7.28346811438581e-06,-0.480912722564484,7.789684698569e-10,-0.322009198288398,-0.255597900052095,9.33777963382796e-06,TRUE,TRUE,TRUE,FALSE
"SYT13",-0.348401587812843,6.77394491362854e-09,-0.441688409453923,5.16167621054513e-08,-0.357982799380942,-0.312682851827678,9.73267947360422e-09,TRUE,TRUE,TRUE,FALSE
"DDIT4L",0.465669412694087,3.09985188651087e-18,0.272107647904491,7.46013683641472e-06,0.492524604009713,0.242775463785773,9.11721143091434e-18,TRUE,TRUE,TRUE,FALSE
"TMEM100",-0.491496542882317,3.06792991166508e-20,-0.314034724077822,1.58368334975445e-05,-0.581064549356327,-0.293776475272374,1.15335710964853e-19,TRUE,TRUE,TRUE,FALSE
"MSTN",-0.129590594753366,0.0247747590437873,0.143742235878222,0.0403256287091252,-0.210925809106115,-0.0904625374665401,0.0269290859171601,FALSE,TRUE,FALSE,TRUE
"PRKCG",-0.449518845899541,1.22587650019303e-10,-0.462734478970252,1.27396915533009e-07,-0.533466601001457,-0.323601505060985,1.95203264361948e-10,TRUE,TRUE,TRUE,FALSE
"RAB3A",-0.483906080116667,1.32172106702087e-16,-0.436160356975441,9.28275361157079e-09,-0.56507985015688,-0.306966608355049,3.11726666750205e-16,TRUE,TRUE,TRUE,FALSE
"F5",-0.425832161259941,1.34056832514953e-09,-0.413657785974786,9.46136106998591e-07,-0.494720228528824,-0.252825429484958,1.99489334099633e-09,TRUE,TRUE,TRUE,FALSE
"EGR1",0.0778160624350258,0.151505707445744,0.351705485344683,1.38040850140017e-06,-0.0311352577140859,0.214370670554334,0.159144650678302,FALSE,FALSE,FALSE,FALSE
"CA9",0.402277786454577,9.19537714486197e-15,0.249427830209783,1.79272205141334e-05,0.545842083288481,0.41540119030238,1.79597209860585e-14,TRUE,TRUE,TRUE,FALSE
"ETV4",0.0988059761881984,0.0633300444571257,0.100450003936997,0.128824627945359,0.290919441918099,0.273851460244851,0.0670869115011925,TRUE,FALSE,FALSE,FALSE
"GPNMB",0.507651109093887,1.05423334516762e-18,0.458257980300823,7.53825903062326e-13,0.499320524838091,0.349820280711042,3.35743103556567e-18,TRUE,TRUE,TRUE,FALSE
"TAC1",-0.243378678694955,2.47379104223981e-05,-0.300638868731354,9.4060722160433e-05,-0.212978387319313,-0.187555425807622,3.10777769125604e-05,TRUE,TRUE,TRUE,FALSE
"PCSK2",-0.377485901082945,3.43019049467681e-10,-0.507715206866459,1.42592411177575e-11,-0.431257976202555,-0.339469618735721,5.32638275570933e-10,TRUE,TRUE,TRUE,FALSE
"SNCG",-0.514114850774887,3.22743124603203e-16,-0.471988798246281,1.45208010978895e-10,-0.565991315024113,-0.314319404883245,7.30188064713129e-16,TRUE,TRUE,TRUE,FALSE
"VSTM2B",-0.497418262594218,1.74992478999575e-18,-0.241098763827816,0.000667444863427719,-0.601098541674896,-0.32218917573228,5.46851496873672e-18,TRUE,TRUE,TRUE,FALSE
"PDYN",-0.027925633980853,0.613424171106542,-0.191405765039663,0.0144221121037852,-0.070737752191461,-0.0795465645482135,0.617126932702759,FALSE,FALSE,FALSE,FALSE
"LGI3",-0.356290325552461,1.59785989829877e-10,-0.287011420174146,0.000102213818352792,-0.546261629665978,-0.302237679283529,2.52028375125989e-10,TRUE,TRUE,TRUE,FALSE
"NKAIN4",-0.439810876920677,1.47366583939887e-17,-0.275684467936506,1.13744154945506e-05,-0.550132590124511,-0.305633970315763,4.02640939726468e-17,TRUE,TRUE,TRUE,FALSE
"LY6H",-0.233082257049982,4.12975019801604e-05,-0.40660422988183,2.99893175995704e-08,-0.479772989734184,-0.284301464772757,5.13650522141299e-05,TRUE,TRUE,TRUE,FALSE
"IGFBPL1",-0.168477381841721,0.00212996724432705,0.102393228003616,0.120546227993887,-0.266783774016486,0.0191621813426334,0.00241492884844337,FALSE,TRUE,FALSE,FALSE
"COL4A2",0.566650052411809,2.61574712442935e-22,0.660079245400369,1.08159458372752e-21,0.678328855400213,0.52249843120231,1.28222898256341e-21,TRUE,TRUE,TRUE,FALSE
"HAPLN2",-0.209640025923929,0.000201942788831715,-0.187335800573802,0.0115075093700192,-0.424434805334649,-0.211387144150018,0.000239268707146581,TRUE,TRUE,TRUE,FALSE
"HMX1",-0.562474892016878,5.77455345570156e-19,-0.445588328482652,1.93987681569355e-09,-0.512254266050522,-0.263388039457919,1.89952416305972e-18,TRUE,TRUE,TRUE,FALSE
"HOXA5",0.469895094284676,8.71713446858252e-20,0.515385675318552,2.07173421348369e-17,0.631745742871464,0.43958853265687,3.11326231020804e-19,TRUE,TRUE,TRUE,FALSE
"RASL10A",-0.718745638530249,2.39063785570819e-28,-0.68026617039069,1.10776805762921e-20,-0.704266482218286,-0.464767735585474,4.78127571141638e-27,TRUE,TRUE,TRUE,FALSE
"DCX",-0.317478331146348,3.4617954068133e-09,-0.234262305959229,0.00164184885797846,-0.307508681423416,-0.165708233300951,5.04634898952376e-09,TRUE,TRUE,TRUE,FALSE
"BRINP1",-0.451366776210487,1.75721741430762e-15,-0.577539927155053,6.8603022338123e-14,-0.61815037165555,-0.415401195029668,3.6456792827959e-15,TRUE,TRUE,TRUE,FALSE
"PCDHGB2",0.110140734634561,0.0373911702138225,0.105308722402091,0.131263932212448,0.153617404068588,0.0727317837221888,0.0402922092821363,FALSE,TRUE,FALSE,FALSE
"PSD",-0.52994293175333,6.44406708169958e-20,-0.5361419531389,9.86970975447128e-15,-0.630556343183693,-0.399728517140498,2.31800974161855e-19,TRUE,TRUE,TRUE,FALSE
"COL5A2",0.624061082431615,2.62818894763443e-29,0.608471321240547,2.51215217319761e-22,0.696338215998832,0.459487973363502,6.57047236908608e-28,TRUE,TRUE,TRUE,FALSE
"APLNR",-0.0201062524224541,0.710753893152638,0.00797295060605217,0.910786331842313,-0.0144627768992756,0.0272290203231423,0.712178249651942,FALSE,FALSE,FALSE,FALSE
"HES5",-0.364578329713326,1.21483961622722e-09,-0.248943794209063,0.000711601958870557,-0.345130293634855,-0.217218100463165,1.81319345705555e-09,TRUE,TRUE,TRUE,FALSE
"WIF1",-0.119020712282687,0.0514208278325824,-0.115026848797415,0.133207413618016,-0.240328791391076,-0.204197450781731,0.0549367818724171,TRUE,FALSE,FALSE,FALSE
"GABRA3",-0.476687500919352,7.55017781638252e-17,-0.56359797642334,9.25295349931989e-13,-0.584496986629284,-0.387674248164187,1.83256743116081e-16,TRUE,TRUE,TRUE,FALSE
"CAMKV",-0.359267271031398,1.83274348647944e-09,-0.30231060003453,2.7926930572944e-05,-0.427201874369623,-0.250692567189485,2.69521100952859e-09,TRUE,TRUE,TRUE,FALSE
"APOD",-0.280758760521661,1.94894275419655e-08,-0.201607502643259,0.00302844072061677,-0.45675058644104,-0.25845159143894,2.72961170055539e-08,TRUE,TRUE,TRUE,FALSE
"CACNG4",-0.308223527836851,1.07207276304481e-09,-0.156862369045808,0.0230309462383652,-0.425408390107256,-0.0527816447220963,1.60489934587546e-09,FALSE,TRUE,TRUE,FALSE
"OLIG2",-0.451386085246444,8.93322700460248e-23,-0.302215689331978,8.51828385558609e-06,-0.554427441393471,-0.243466004159974,4.90836648604532e-22,TRUE,TRUE,TRUE,FALSE
"BMP2",-0.707683065972404,3.58461781866064e-31,-0.559076431886572,7.32060952589932e-13,-0.592908644068266,-0.3586187353685,1.79230890933032e-29,TRUE,TRUE,TRUE,FALSE
"VEGFA",0.441009193991137,3.16770816827165e-17,0.610902652643263,1.76238311660804e-19,0.651115532841068,0.453209986333843,8.24924002154074e-17,TRUE,TRUE,TRUE,FALSE
"C5orf38",-0.400089964505203,5.01700680741445e-10,-0.314816984931776,4.39194204415571e-05,-0.530997834191489,-0.288400581033799,7.69479571689333e-10,TRUE,TRUE,TRUE,FALSE
"BIRC5",0.531742207539981,4.78015124444522e-19,0.589200712674987,6.30403239337397e-17,0.623768176590089,0.492496871278274,1.59338374814841e-18,TRUE,TRUE,TRUE,FALSE
"HMGN2P5",0.549866784594644,9.99363675340417e-24,0.292688259771276,0.00028005732499435,0.735423438298456,0.159161153426803,6.84495668041382e-23,TRUE,TRUE,TRUE,FALSE
"SSTR1",-0.725238036177849,2.35417395136349e-22,-0.45529751733561,2.24639190181554e-07,-0.681836085413776,-0.421719284016005,1.17708697568175e-21,TRUE,TRUE,TRUE,FALSE
"TCEAL2",-0.517439457758865,2.09791098082357e-26,-0.280774028289798,3.22298530066877e-06,-0.729536648328535,-0.359524550691846,2.91376525114385e-25,TRUE,TRUE,TRUE,FALSE
"PPP2R2C",-0.406637975568438,3.43280061389594e-12,-0.35555591933494,8.92095451458202e-07,-0.561194323128428,-0.386423827552851,5.8982828417456e-12,TRUE,TRUE,TRUE,FALSE
"CLDN11",-0.0360604661663075,0.501760439007033,0.0820092577111567,0.250492827855375,-0.263433732984517,-0.0957846146041563,0.507854695351248,FALSE,FALSE,FALSE,FALSE
"NXPH1",-0.43975313992228,2.60049177497644e-15,-0.1988646466573,0.0057130322322601,-0.484898795001986,-0.232098370642181,5.26415339064056e-15,TRUE,TRUE,TRUE,FALSE
"SPOCK3",-0.321579934723899,1.31870548150606e-08,-0.178323361594514,0.014826245467144,-0.528347232406406,-0.370377093260361,1.86785478966864e-08,TRUE,TRUE,TRUE,FALSE
"NEU4",-0.565400518943166,3.28099872895598e-25,-0.334266866822314,1.22521470968675e-06,-0.498977879340582,-0.265519278781714,3.44899585199597e-24,TRUE,TRUE,TRUE,FALSE
"WNT7B",-0.570615499751596,6.10576178058583e-19,-0.694386158054058,2.37267700394329e-16,-0.607230464800705,-0.3720883819151,1.98239018850189e-18,TRUE,TRUE,TRUE,FALSE
"ATP6V1G2",-0.601046133126987,5.23577322235971e-30,-0.413736406988774,1.58620488806907e-09,-0.698946951421867,-0.407342147479479,1.53993330069403e-28,TRUE,TRUE,TRUE,FALSE
"SLC8A2",-0.593409068376768,6.27397956351104e-20,-0.549928246105479,3.4096434357838e-11,-0.615940346773655,-0.424763353255118,2.2897735633252e-19,TRUE,TRUE,TRUE,FALSE
"GFRA1",-0.522360177187728,5.13860354216793e-18,-0.487557022346889,9.83455140596226e-10,-0.564851091101222,-0.347390851865963,1.46817244061941e-17,TRUE,TRUE,TRUE,FALSE
"BTBD17",-0.486619116230571,5.18068288337166e-19,-0.443896636891417,2.44953355751538e-10,-0.519328789274996,-0.299510065391261,1.71545790840121e-18,TRUE,TRUE,TRUE,FALSE
"CRYAB",-0.471400221987045,8.99316140502875e-18,-0.216231821241655,0.000510281704489194,-0.520640349949045,-0.250629155087208,2.51205625838792e-17,TRUE,TRUE,TRUE,FALSE
"PTPRN",-0.225306389436087,4.21562623759486e-05,-0.540217666517283,1.36856144981772e-13,-0.2917608976947,-0.212033848438389,5.23030550570082e-05,TRUE,TRUE,TRUE,FALSE
"SHISA7",-0.573784913551935,6.72898000045518e-23,-0.460156193117253,1.49063805503365e-10,-0.648910200994243,-0.415206843802594,3.78032584295235e-22,TRUE,TRUE,TRUE,FALSE
"TMEM125",-0.189267411863935,0.000890966240072993,-0.141027215372209,0.0610448101138649,-0.381136109626895,-0.238782384324408,0.00102409912652068,TRUE,TRUE,FALSE,FALSE
"SYNPR",-0.288847217792922,5.32963565130413e-06,-0.332948589717246,1.96486371987196e-05,-0.373917360875264,-0.290016041596872,6.88583417481153e-06,TRUE,TRUE,TRUE,FALSE
"SYN2",-0.389800206378561,6.25584577457783e-10,-0.447467985198142,2.10298889489922e-08,-0.431854035139266,-0.316037886312605,9.53635026612474e-10,TRUE,TRUE,TRUE,FALSE
"GABBR1",-0.550396396422393,1.8238401157443e-26,-0.483063439354674,2.12533681575751e-13,-0.728196400817068,-0.440784924179399,2.60548587963472e-25,TRUE,TRUE,TRUE,FALSE
"APOL4",0.497841671152699,2.57399858922486e-18,0.443770445821018,9.09810121952259e-14,0.542613270495917,0.398533125750769,7.70658260246963e-18,TRUE,TRUE,TRUE,FALSE
"PLA2G5",0.483633922306668,1.45812035079269e-17,0.289814369132095,3.2641925592604e-05,0.412194554278569,0.274213403105367,4.00582513954037e-17,TRUE,TRUE,TRUE,FALSE
"HBA2",0.0606409572393295,0.265727715380751,-0.19920953240954,0.0072905970163541,0.0812892760493757,-0.0923544544130612,0.273382423231226,FALSE,FALSE,FALSE,FALSE
"GABRA1",-0.349676985591656,1.31597012491177e-07,-0.375258446856773,5.97728105339528e-06,-0.360877826505936,-0.318638677892523,1.78315735082895e-07,TRUE,TRUE,TRUE,FALSE
"LIMS2",-0.510536310848171,2.1651986279741e-19,-0.369667617518233,5.38650877487638e-08,-0.553346231170369,-0.260222268902561,7.57062457333602e-19,TRUE,TRUE,TRUE,FALSE
"CACNG7",-0.405794160193727,4.68569531275926e-18,-0.0581411623143778,0.427000338877725,-0.537909149136678,-0.180920464174094,1.36212073045327e-17,TRUE,TRUE,FALSE,FALSE
"MYT1",-0.412397461466534,3.91139185405951e-14,-0.410921473062079,1.74682507922942e-08,-0.454423376334836,-0.287016963892749,7.37998463030096e-14,TRUE,TRUE,TRUE,FALSE
"S100A4",0.561045349865129,1.97769381532246e-23,0.258407962066926,0.00013688404214053,0.605850114640316,0.320835114171492,1.25170494640662e-22,TRUE,TRUE,TRUE,FALSE
"NPPA",-0.312488858445642,2.14020162762257e-07,-0.253012552574974,0.000382997966252886,-0.368240053948222,-0.192133031142275,2.87661509089056e-07,TRUE,TRUE,TRUE,FALSE
"OCIAD2",0.500523235219223,7.68798674869035e-21,0.382239486676819,1.54471885228265e-07,0.550432847297857,0.314877531094534,3.09999465672998e-20,TRUE,TRUE,TRUE,FALSE
"DAAM2",-0.456581648949889,3.05922347991126e-15,-0.218189599357601,0.00311033381598276,-0.619635317822896,-0.401673628085026,6.11844695982252e-15,TRUE,TRUE,TRUE,FALSE
"SCN3B",-0.49179490749479,5.23102706367675e-16,-0.703093717566219,2.54057474500217e-20,-0.58719054655318,-0.402836606311877,1.15730687249486e-15,TRUE,TRUE,TRUE,FALSE
"ST8SIA3",-0.508002763392333,5.64718423723605e-17,-0.551965043109401,2.53415853534644e-12,-0.52669345769683,-0.269792892384815,1.40101108278666e-16,TRUE,TRUE,TRUE,FALSE
"NLGN4Y",0.145269083460138,0.00791823526440535,0.0441231862083795,0.520640984900361,0.15606959230119,-0.0300618981439756,0.00872052341894863,FALSE,TRUE,FALSE,FALSE
"NOG",-0.761646353634018,3.48887886445568e-32,-0.645960287272803,4.78588057736725e-16,-0.676362355051072,-0.401269807744413,3.48887886445568e-30,TRUE,TRUE,TRUE,FALSE
"HLA-DRB5",0.235474433404012,2.25486389318724e-05,0.0937456977960738,0.179551325488501,0.206778453651269,0.00230215049119983,2.84705037018591e-05,FALSE,TRUE,FALSE,FALSE
"TMEM151B",-0.575293005253403,2.12314874597478e-20,-0.509702180429538,1.01142694480945e-11,-0.588866210387028,-0.414801014737203,8.29354978896398e-20,TRUE,TRUE,TRUE,FALSE
"HRH3",-0.666665985113948,4.12637047333159e-21,-0.736424879216906,7.62008971373783e-17,-0.608801948713412,-0.390413707640216,1.71932103055483e-20,TRUE,TRUE,TRUE,FALSE
"COL5A1",0.478038003007847,5.28332852605798e-21,0.400090747195696,6.49360922138228e-12,0.644470916754232,0.410148173841177,2.18319360580908e-20,TRUE,TRUE,TRUE,FALSE
"PDGFRA",-0.202687482844939,0.000165027774442024,-0.0535924928481233,0.481572353230511,-0.290864631997783,-0.0955123996702859,0.000197401644069407,FALSE,TRUE,FALSE,FALSE
"FXYD7",-0.3104090936987,2.38802825475972e-07,-0.363403837000775,9.22104668252604e-07,-0.38166241443355,-0.233847635056504,3.20111026107201e-07,TRUE,TRUE,TRUE,FALSE
"PCDH15",-0.62033154799202,9.55558995879636e-21,-0.395323350923371,2.0900360421329e-07,-0.543566466143445,-0.39670800787087,3.82223598351855e-20,TRUE,TRUE,TRUE,FALSE
"TMEM179",-0.464665985982415,1.26367962073054e-15,-0.373249785712892,1.96223450964146e-07,-0.562604250167721,-0.236736902064082,2.6547891191818e-15,TRUE,TRUE,TRUE,FALSE
"CP",0.409595671056701,7.64629655682384e-15,0.393735813400733,7.21094547087678e-10,0.449608405926635,0.308590605705806,1.49927383467134e-14,TRUE,TRUE,TRUE,FALSE
"GJB6",-0.213050770037895,0.000587709684843488,-0.298666361680183,0.000172765641275917,-0.34456175039286,-0.295685542830837,0.000683383354469172,TRUE,TRUE,TRUE,FALSE
"EFHD1",-0.450401114616636,1.96093810556939e-17,-0.0900672224529111,0.199494007547424,-0.642507923381483,-0.291047768557585,5.18766694595076e-17,TRUE,TRUE,FALSE,FALSE
"NRSN1",-0.530815747498576,1.42246124993881e-19,-0.497892900256241,8.27970858382993e-12,-0.58714499659939,-0.347860812034172,5.00866637302398e-19,TRUE,TRUE,TRUE,FALSE
"COL8A1",0.556155589191484,1.2716764647921e-27,0.364047170105987,1.75008468686665e-10,0.614624846124687,0.429981737573973,1.98699447623765e-26,TRUE,TRUE,TRUE,FALSE
"TNFAIP6",0.674266143171884,1.60867216532895e-28,0.494995463493929,1.33811115874702e-17,0.641350022540773,0.348342928544313,3.35140034443531e-27,TRUE,TRUE,TRUE,FALSE
"PCDHB5",0.0509007272483588,0.334462493950059,0.0153899264967348,0.826574548732807,-0.0909077325720564,-0.0308273000982086,0.340593171028574,FALSE,FALSE,FALSE,FALSE
"SLIT1",-0.457527492501524,2.17856895395944e-18,-0.412805853718138,4.34556120340262e-10,-0.502160227976969,-0.334199705909282,6.60449850686575e-18,TRUE,TRUE,TRUE,FALSE
"GPR27",-0.5151247503801,2.1794845072657e-18,-0.379434665784658,1.35274296258701e-07,-0.621644328828215,-0.324511098743725,6.60449850686575e-18,TRUE,TRUE,TRUE,FALSE
"AZGP1",-0.0626529095736393,0.258200411402071,-0.0174920947756026,0.809695973133355,-0.0397102338998297,0.0264038481783141,0.266185991136155,FALSE,FALSE,FALSE,FALSE
"SNX22",-0.381983184779474,9.95551743371617e-12,-0.359357018450235,3.15962604574386e-07,-0.488958573496639,-0.302008515922721,1.65925290561936e-11,TRUE,TRUE,TRUE,FALSE
"LUM",0.405507600526607,1.17106458628875e-16,0.263200372610422,2.96908579564298e-06,0.565369522491733,0.299979538323493,2.77503456466528e-16,TRUE,TRUE,TRUE,FALSE
"PPP1R1B",-0.27342175976747,4.78565716240511e-07,-0.289903036925486,3.92928152460916e-05,-0.405963312406369,-0.204815815236777,6.39793738289453e-07,TRUE,TRUE,TRUE,FALSE
"NAPSB",0.418554043837034,1.78650215653985e-13,0.262156735573089,9.74538395952541e-05,0.353220914172731,0.246553377425172,3.23641695025335e-13,TRUE,TRUE,TRUE,FALSE
"RPS3AP6",0.339805590356938,7.62521115036457e-11,-0.186769032221962,0.00431526939834869,0.668455863213999,-0.071496947182168,1.22987276618783e-10,FALSE,TRUE,FALSE,TRUE
"SEC61G",0.251124507667717,5.05643666429762e-08,0.17319175396632,0.0225418745595178,0.359548482043736,0.290195781664569,6.96478879379837e-08,TRUE,TRUE,TRUE,FALSE
"AK5",-0.273170767948372,4.93687945775824e-06,-0.259557862963381,0.000389771702227874,-0.450507252627367,-0.301914607387687,6.39492157740705e-06,TRUE,TRUE,TRUE,FALSE
"DUSP26",-0.546596132397148,2.11200250319417e-25,-0.492844924004544,6.90596104549409e-14,-0.679248673424912,-0.398257222852004,2.36221044120364e-24,TRUE,TRUE,TRUE,FALSE
"NKX6-2",-0.15515063077343,0.00497895132695827,-0.0994269019571884,0.171809789879278,-0.36854150089234,-0.174061598105655,0.00554448922823861,TRUE,TRUE,FALSE,FALSE
"CNGA3",0.328642393936611,6.57823637039924e-10,0.316930900491154,1.78386344904288e-06,0.319338767894014,0.129766647720859,9.99731971185295e-10,TRUE,TRUE,TRUE,FALSE
"TMEM151A",-0.351693117074068,1.18244746344649e-10,-0.320391825483995,1.28550679583607e-05,-0.562185021287684,-0.314722851349651,1.88889371157586e-10,TRUE,TRUE,TRUE,FALSE
"GABRA5",-0.277221679582437,1.22204166146174e-05,-0.39802158142444,5.85157897777879e-07,-0.387641130127873,-0.321874342815839,1.55081429119511e-05,TRUE,TRUE,TRUE,FALSE
"SLPI",0.272049965444273,1.0115183880244e-07,0.0905597015084019,0.182637583285575,0.274657641739379,0.202058518231235,1.38564162743068e-07,TRUE,TRUE,FALSE,FALSE
"FBXO2",-0.359257173850071,2.7871977333098e-11,-0.280805325459336,3.98937854921318e-05,-0.602274560891891,-0.279406573979096,4.58420679820691e-11,TRUE,TRUE,TRUE,FALSE
"KCNJ9",-0.538953967402285,6.30478307603441e-23,-0.37309125077507,7.98107994447609e-08,-0.65208021149968,-0.40476408335302,3.58226311138319e-22,TRUE,TRUE,TRUE,FALSE
"DSCAML1",-0.557462103991078,3.54129412258372e-23,-0.468739072722713,4.40024520356096e-11,-0.608517980489209,-0.428770650900741,2.13330971239983e-22,TRUE,TRUE,TRUE,FALSE
"ANXA2",0.718184332914951,6.3757889103305e-31,0.517762724171203,7.8044642568513e-13,0.674443832516036,0.402757563186718,2.65657871263771e-29,TRUE,TRUE,TRUE,FALSE
"GDF15",0.532427720745274,2.01224449474228e-23,0.337714916775669,8.49323844901144e-09,0.619526579913947,0.453000751280525,1.25765280921392e-22,TRUE,TRUE,TRUE,FALSE
"TPPP",-0.396075331819721,8.85229134494868e-14,-0.179576000540425,0.0121675072213317,-0.61291895772972,-0.339038418495184,1.63931321202753e-13,TRUE,TRUE,TRUE,FALSE
"ASIC1",-0.507166339144797,8.98723962209443e-24,-0.381736510081226,1.54111837965307e-09,-0.63970500478925,-0.378196384155469,6.24113862645447e-23,TRUE,TRUE,TRUE,FALSE
"CDKN2A",-0.111651508476937,0.0365960136561539,-0.0978397785573907,0.202182290451871,-0.14628139665962,-0.0760370098281103,0.0395205331059978,FALSE,TRUE,FALSE,FALSE
"COL6A3",0.40282359887531,3.33005052036625e-19,0.31165074800434,1.99691336983069e-09,0.633646120992097,0.419672755874089,1.1250170676913e-18,TRUE,TRUE,TRUE,FALSE
"PHYHIPL",-0.562165696153012,4.28364399271676e-31,-0.336750119677839,5.50562497564466e-07,-0.69082643066743,-0.400885909857636,1.94711090578035e-29,TRUE,TRUE,TRUE,FALSE
"STAC2",0.12520929072938,0.020596761551267,0.0403148722759529,0.557037327909318,0.0561323751999727,0.0915232798974067,0.0224855475450513,FALSE,TRUE,FALSE,FALSE
"FABP7",0.333660037167482,9.29847321551398e-09,0.195421165922806,0.013611568384957,0.395263479677095,0.231476714328021,1.3245688341188e-08,TRUE,TRUE,TRUE,FALSE
"GDAP1L1",-0.5653113882956,1.28929636137189e-23,-0.544730030522999,3.3505935391791e-15,-0.588893016836568,-0.297490774346985,8.4822129037624e-23,TRUE,TRUE,TRUE,FALSE
"SLC32A1",-0.295847319203595,1.60082899150253e-06,-0.33275812849376,2.36899934357197e-05,-0.34412609739827,-0.19507138184168,2.1119115982883e-06,TRUE,TRUE,TRUE,FALSE
"DMRTA2",0.398482239984101,6.58166470140546e-15,0.489087203571892,8.60888997783086e-18,0.481979965591432,0.38438936950119,1.29560328767824e-14,TRUE,TRUE,TRUE,FALSE
"PPP1R1A",-0.587504806945201,1.36314735552491e-21,-0.432673224428323,9.00020532237535e-10,-0.626191147532458,-0.345639632578797,6.14030340326537e-21,TRUE,TRUE,TRUE,FALSE
"CELF4",-0.442841522131013,1.05039683501115e-12,-0.46456680914629,1.28357353938388e-09,-0.511028726487079,-0.346574747893769,1.84280146493184e-12,TRUE,TRUE,TRUE,FALSE
"CELF3",-0.475090226083968,2.72730442081036e-16,-0.366130309429583,1.16570124102452e-07,-0.548134819050647,-0.289298445064114,6.2552853688311e-16,TRUE,TRUE,TRUE,FALSE
"PLAU",0.602397583749203,8.51293945615965e-29,0.473607135199234,1.42701765582843e-13,0.639878479689431,0.3658511759685,2.02689034670468e-27,TRUE,TRUE,TRUE,FALSE
"NPNT",0.364208591900093,2.24669406434376e-11,0.32492632120985,6.90208233057092e-07,0.421630246766939,0.287089065284145,3.70741594776197e-11,TRUE,TRUE,TRUE,FALSE
"MT-RNR1",-0.463759838063518,5.67776934355869e-22,-0.258227659611518,3.42782600774042e-05,-0.662826787334116,-0.224575098011873,2.67481332749213e-21,TRUE,TRUE,TRUE,FALSE
"NMNAT2",-0.546146149727857,2.22457344096252e-21,-0.493636460474526,1.71266362290057e-10,-0.625263711087007,-0.391912983641853,9.75690105685317e-21,TRUE,TRUE,TRUE,FALSE
"ATP1A2",-0.243103469383561,2.74163716964807e-06,-0.185825375063263,0.00718244976980223,-0.422628717304915,-0.285192908717589,3.60741732848431e-06,TRUE,TRUE,TRUE,FALSE
"FOSB",-0.027171530509979,0.62645395041721,0.0673106634777945,0.335929474712718,-0.108114503294592,0.0690867851015563,0.628969829736155,FALSE,FALSE,FALSE,FALSE
"HLA-DRA",0.472120739602196,1.19821708867766e-15,0.389478842426914,6.21248893858099e-08,0.469707930224074,0.27312756748515,2.53859552685945e-15,TRUE,TRUE,TRUE,FALSE
"SPOCK1",-0.361207174219045,4.93889353092747e-12,-0.39380560591048,1.5987246254939e-07,-0.569011936416312,-0.293118342347256,8.39947879409434e-12,TRUE,TRUE,TRUE,FALSE
"LINC01088",-0.277227206925213,3.25256874496893e-06,-0.346689354710548,2.9609964224753e-06,-0.458800842324912,-0.376089829036463,4.25728893320541e-06,TRUE,TRUE,TRUE,FALSE
"GDF10",-0.721299789871531,2.41080316982985e-20,-0.381693027395044,2.15517761311128e-05,-0.615470311773616,-0.373221573468659,9.27231988396097e-20,TRUE,TRUE,TRUE,FALSE
"CDC20",0.574322566174773,1.37802164308567e-22,0.599914747957265,2.39721188382311e-17,0.644082254762961,0.447120694874259,7.32990235683865e-22,TRUE,TRUE,TRUE,FALSE
"NDRG2",-0.568229667359334,7.68430737060149e-32,-0.483938825798293,2.73470860886006e-13,-0.725288365273833,-0.506395975845698,6.40358947550124e-30,TRUE,TRUE,TRUE,FALSE
"LGR6",0.307620031791999,8.63654784390512e-10,0.171840163001672,0.00438113020839333,0.298973221156366,0.116825092810987,1.30461447793129e-09,TRUE,TRUE,TRUE,FALSE
"CHRM1",-0.487338170274015,1.15398165794228e-14,-0.591234919715586,7.15771985966557e-12,-0.532239041280563,-0.366692100290577,2.2277638184214e-14,TRUE,TRUE,TRUE,FALSE
"CNTFR",-0.409149583023875,7.48670081458552e-17,-0.205105586366313,0.0017449115006159,-0.560503290568203,-0.241770372911023,1.8260245889233e-16,TRUE,TRUE,TRUE,FALSE
"SPRY4",0.392285430130041,8.06707874356921e-12,0.411093898844534,1.43696377834492e-10,0.470957378658425,0.370337888159915,1.35809406457394e-11,TRUE,TRUE,TRUE,FALSE
"STEAP3",0.615079248661746,6.89024411131497e-24,0.540072631659558,1.31814994522997e-16,0.571057891635734,0.430105964580396,4.92160293665355e-23,TRUE,TRUE,TRUE,FALSE
"GSX1",-0.175370183493932,0.00144746825289942,-0.069205643815528,0.327301817389011,-0.220219882560756,-0.0383190804611004,0.00165236101929157,FALSE,TRUE,FALSE,FALSE
"SLC12A5",-0.368953593146122,1.50041676984137e-08,-0.578767025344124,7.63527350545081e-17,-0.381414364786565,-0.354786068509388,2.11326305611461e-08,TRUE,TRUE,TRUE,FALSE
"TCEAL5",-0.337431273652687,1.58445958586948e-11,-0.252943992582068,6.61620326040326e-05,-0.555591544570642,-0.21779871987448,2.63199266755728e-11,TRUE,TRUE,TRUE,FALSE
"SV2B",-0.237330620319816,0.000179836206130757,-0.385783775036379,2.21962275646501e-06,-0.284157012105032,-0.286578786972409,0.000214601677960331,TRUE,TRUE,TRUE,FALSE
"GDA",-0.188983926004076,0.00191448806056859,-0.392391333808593,1.26549533598934e-06,-0.313436618221898,-0.241014085171547,0.00217555461428248,TRUE,TRUE,TRUE,FALSE
"CLIP3",-0.390586210573508,7.4816971163849e-17,-0.217881103202081,0.000614362265918717,-0.619635509409077,-0.302619388565495,1.8260245889233e-16,TRUE,TRUE,TRUE,FALSE
"OTOS",0.289665144414277,7.36119674591067e-10,0.185802904722511,0.00585224149823004,0.41604729083328,0.109068428982238,1.1153328402895e-09,TRUE,TRUE,TRUE,FALSE
"GABRB3",-0.568492662741143,4.4188236771377e-22,-0.648470558815377,2.24908034197127e-17,-0.611889360070413,-0.44616448964314,2.10420175101795e-21,TRUE,TRUE,TRUE,FALSE
"GJB1",-0.109984242769214,0.0436246498584776,-0.0365544228228885,0.613525165336261,-0.292925453855609,-0.156121245065064,0.0468075642258343,TRUE,TRUE,FALSE,FALSE
"ACY3",-0.245424532001461,3.76728469873106e-05,-0.263258625177199,0.000319005165224545,-0.409065971685607,-0.282628706293542,4.69736246724571e-05,TRUE,TRUE,TRUE,FALSE
"IFITM10",-0.739242763231525,8.94375010852157e-31,-0.410589091780835,1.99191023591925e-10,-0.649759953480568,-0.279280593043498,3.43990388789291e-29,TRUE,TRUE,TRUE,FALSE
"HLA-DQA1",0.38840635105808,4.53094234180705e-12,0.206183407101557,0.00218422991632063,0.437931139798582,0.090646475865512,7.73198351844207e-12,FALSE,TRUE,TRUE,FALSE
"RCOR2",-0.543322000395029,6.99516597522003e-24,-0.338405095946488,1.39979619707012e-06,-0.503491713613784,-0.237933371920828,4.92617322198594e-23,TRUE,TRUE,TRUE,FALSE
"IGLC3",0.167532815473946,0.000381606379916417,0.160268184708378,0.0104272817470022,0.315927339364064,0.234944576962684,0.000447894812108471,TRUE,TRUE,TRUE,FALSE
"TMEFF2",-0.460713386596671,1.05501500851043e-16,-0.280888867942977,0.000111397968118252,-0.548875583724233,-0.307968480308189,2.51194049645341e-16,TRUE,TRUE,TRUE,FALSE
"RTN1",-0.54451096772499,2.05754444076083e-25,-0.472033131329632,1.62087622463674e-12,-0.668800280059544,-0.388215973200218,2.36221044120364e-24,TRUE,TRUE,TRUE,FALSE
"FAIM2",-0.476298367856981,1.50760354831592e-22,-0.486690998235722,3.66643254930191e-14,-0.722298982238385,-0.433440472835665,7.93475551745221e-22,TRUE,TRUE,TRUE,FALSE
"ARHGAP36",-0.36762452423511,2.80149605249903e-08,-0.239062247650186,0.00345248150111045,-0.51485767335761,-0.27804951153723,3.90180508704601e-08,TRUE,TRUE,TRUE,FALSE
"PBK",0.434543851747992,2.49350360799185e-13,0.514365182790729,1.1278313476552e-13,0.517676099748564,0.346334871643001,4.45268501427115e-13,TRUE,TRUE,TRUE,FALSE
"TCEAL6",-0.190729763956863,0.00107064725959638,-0.202856723999858,0.00493817989567568,-0.348673032844241,-0.153960761065856,0.00122780649036282,TRUE,TRUE,TRUE,FALSE
"SPON1",-0.300948912890201,7.90317380198856e-09,-0.0999192610050214,0.159989553724844,-0.456934649670793,-0.277418600690755,1.12902482885551e-08,TRUE,TRUE,FALSE,FALSE
"IRX2",-0.421940213628289,1.28459475826874e-10,-0.140270465985395,0.0650500750592217,-0.543945986148954,-0.279943455779782,2.03258664283029e-10,TRUE,TRUE,FALSE,FALSE
"HSPA6",0.406676771986901,8.97645912950436e-18,0.429839665871123,1.66813446934389e-13,0.585939636333858,0.471859757209672,2.51205625838792e-17,TRUE,TRUE,TRUE,FALSE
"MYRF",-0.156437079133981,0.00370636014228682,0.0742092785498498,0.28056165174617,-0.369767576181135,-0.159419816832058,0.00413656265880225,TRUE,TRUE,FALSE,FALSE
"HMGN5",-0.547235540480397,6.85961929689056e-26,-0.123892690770583,0.069186873178654,-0.714366995057911,-0.300224707653766,8.3653893864519e-25,TRUE,TRUE,FALSE,FALSE
"SEZ6",-0.330348951594516,4.16115856123588e-10,-0.436758031994551,6.47682207564124e-10,-0.368565396219211,-0.26593040312741,6.42154098956154e-10,TRUE,TRUE,TRUE,FALSE
"LIF",0.451359545508993,1.76915561047424e-21,0.413171709171741,3.36357211803182e-13,0.60480833737612,0.450403063088456,7.82812217024002e-21,TRUE,TRUE,TRUE,FALSE
"CNTN2",-0.0690636128437555,0.197995470642874,-0.0345066274800328,0.628080577738004,-0.297320602715576,-0.196906099478248,0.205816497549765,TRUE,FALSE,FALSE,FALSE
"TNC",0.597476936074541,1.74295923620704e-24,0.708157869732858,7.74785868085914e-19,0.587083583987998,0.344615697935145,1.52891161070793e-23,TRUE,TRUE,TRUE,FALSE
"KCNJ11",-0.647659192828377,2.57858016467094e-24,-0.857008987416513,9.84690923415558e-24,-0.608865019696456,-0.446308975748751,2.03243746064782e-23,TRUE,TRUE,TRUE,FALSE
"FCGR3A",0.494199594482853,2.48281937346807e-18,0.427684046467604,3.65465010559959e-10,0.498999247585907,0.319413303706244,7.47837160683154e-18,TRUE,TRUE,TRUE,FALSE
"HES6",-0.525566597835203,2.76497872361198e-24,-0.321407025544957,6.79657947168346e-07,-0.558324317076011,-0.237413748699775,2.12690671047075e-23,TRUE,TRUE,TRUE,FALSE
"FAM222A",-0.536251005876971,2.60151994962921e-24,-0.300148429348287,1.05258232680155e-05,-0.636363780119631,-0.343384539387882,2.03243746064782e-23,TRUE,TRUE,TRUE,FALSE
"ENHO",-0.54895646860884,1.3660392444804e-25,-0.45767079388646,9.84801802446667e-13,-0.701007141482187,-0.383713431726878,1.62623719581e-24,TRUE,TRUE,TRUE,FALSE
"RUNDC3A",-0.55026283012856,1.97309292797939e-24,-0.518086586706224,6.26333591526522e-15,-0.662614037266944,-0.333166813665726,1.67211265082999e-23,TRUE,TRUE,TRUE,FALSE
"ESM1",0.371295493895917,2.20863111279975e-13,0.380475218551853,1.45887568154729e-10,0.61982277774573,0.483713162871738,3.97235811654632e-13,TRUE,TRUE,TRUE,FALSE
"ATP1B2",-0.268838933174588,3.70849285188783e-09,-0.0757619501731883,0.28800044604514,-0.452006171813474,-0.171893152299283,5.38140914050547e-09,TRUE,TRUE,FALSE,FALSE
"VSTM2L",-0.223722667817396,7.73916618710155e-05,-0.360224298248899,7.89174694816528e-07,-0.415626072482684,-0.288237603245813,9.48427228811464e-05,TRUE,TRUE,TRUE,FALSE
"ACBD7",-0.441881603634899,1.40280218634597e-13,-0.260725351527911,0.000432170131998128,-0.556354657872154,-0.309708281830261,2.55985800428097e-13,TRUE,TRUE,TRUE,FALSE
"NDN",-0.299273064582801,5.45716087651245e-10,-0.369726619420438,2.48369331905845e-08,-0.579610474108855,-0.300784436207771,8.34428268579885e-10,TRUE,TRUE,TRUE,FALSE
"GADD45G",-0.473583444337435,2.99182303392536e-19,-0.237471113266406,0.000562039591640324,-0.51749797896231,-0.146811123526433,1.01762688228754e-18,TRUE,TRUE,TRUE,FALSE
"CPNE6",-0.31078400443333,6.3703836366261e-07,-0.320068897208715,2.63487996514916e-05,-0.424352614862251,-0.286590730199245,8.49384484883481e-07,TRUE,TRUE,TRUE,FALSE
"CALB2",-0.168826926727083,0.00301168095399925,-0.39239087039849,5.46759809710025e-07,-0.279953487987003,-0.208135497407125,0.00338391118426882,TRUE,TRUE,TRUE,FALSE
"TAGLN3",-0.355572624356648,9.65172144301586e-12,-0.302754879297767,5.50387158995833e-06,-0.427536436178508,-0.207213120876366,1.61941634949931e-11,TRUE,TRUE,TRUE,FALSE
"GRIA1",-0.233304046048763,3.58206465378813e-06,-0.436336704647553,2.0993796670184e-10,-0.40522892425951,-0.323109093852179,4.67632461330043e-06,TRUE,TRUE,TRUE,FALSE
"CAMK1G",-0.249235339844912,5.75605245601274e-05,-0.322350447370992,7.37053167815388e-05,-0.244485600694156,-0.169133933699224,7.08873455173982e-05,TRUE,TRUE,TRUE,FALSE
"DLL1",-0.543809607863292,1.20446720288243e-22,-0.205375978698555,0.00318801724437348,-0.59119795471353,-0.283686151609817,6.54601740696971e-22,TRUE,TRUE,TRUE,FALSE
"PRRT1",-0.520869230160644,8.12972767799609e-22,-0.284846605570149,6.95964971327964e-06,-0.695670585060532,-0.317772901183111,3.72923287981472e-21,TRUE,TRUE,TRUE,FALSE
"KCNJ16",-0.0698270172625512,0.20108959583123,-0.171202034394468,0.0230354683042123,-0.234224936592008,-0.194013979774883,0.208599165800031,TRUE,FALSE,FALSE,FALSE
"MT-CO3",-0.39361330606451,2.13765785915374e-18,-0.147757464290857,0.0211509263751875,-0.669387885986664,-0.224634283379985,6.55723269679062e-18,TRUE,TRUE,TRUE,FALSE
"NGEF",-0.211244405618723,0.000263144873712495,-0.270120313423057,0.000178284865982649,-0.332067368705473,-0.218179491445772,0.000310312351076056,TRUE,TRUE,TRUE,FALSE
"RGS1",0.297371479485914,1.07336983597937e-07,0.469120590628066,8.0045443779811e-11,0.286635977202925,0.331017629993464,1.46635223494449e-07,TRUE,TRUE,TRUE,FALSE
"SLC6A11",-0.0295219289237979,0.60174687681552,0.0913757663561616,0.191487271915093,-0.145846550865824,-0.0350452597287815,0.606599674209194,FALSE,FALSE,FALSE,FALSE
"PCDHGA9",0.219640623776578,1.16875154773159e-05,0.0641092730515401,0.35767401336675,0.250277832216236,0.0174729311522519,1.48696125665596e-05,FALSE,TRUE,FALSE,FALSE
"SULF1",0.232475312997575,8.88763898009534e-06,0.312957521463573,1.2974547414315e-06,0.0232208964622133,0.116382223070732,1.13652672379736e-05,FALSE,TRUE,TRUE,FALSE
"KCNIP3",-0.611814647478453,1.03757404674872e-28,-0.572504824534642,1.68841477722599e-18,-0.705518497907455,-0.452079177468664,2.35812283351982e-27,TRUE,TRUE,TRUE,FALSE
"CBLN1",-0.702447740393038,3.31103601791613e-25,-0.611730733889403,1.89146082873383e-14,-0.62408543104058,-0.347425302932982,3.44899585199597e-24,TRUE,TRUE,TRUE,FALSE
"FGFR3",0.00185095608819298,0.973555694200287,0.0343427779606378,0.631904437611659,-0.183882934385501,-0.124604072872106,0.973555694200287,TRUE,FALSE,FALSE,FALSE
"SHISA6",-0.157342827107783,0.00580778344473074,-0.284879827644571,0.000379826500916013,-0.294578245200918,-0.235961210402872,0.00643878430679683,TRUE,TRUE,TRUE,FALSE
"FBLL1",-0.461001435334942,3.43200014370857e-17,-0.357965161038865,7.86743485443388e-08,-0.576161664492653,-0.203495890353709,8.84536119512517e-17,TRUE,TRUE,TRUE,FALSE
"PCDHGB6",0.0993711558243282,0.0515610143333805,-0.122860592585944,0.101287891225368,0.145738573522341,-0.0240343970639429,0.0549690984364397,FALSE,FALSE,FALSE,FALSE
"PTPN5",-0.278345424930409,5.56809573393162e-06,-0.32475981697482,1.15978921367166e-05,-0.317887472541084,-0.158096158168055,7.15693539065761e-06,TRUE,TRUE,TRUE,FALSE
"CH25H",-0.0692664967168292,0.23602326336214,-0.0566304213621851,0.424273930858617,-0.203253446744961,-0.133840303398144,0.243825685291467,TRUE,FALSE,FALSE,FALSE
"NEAT1",0.468525729405896,2.5543875150988e-22,0.538233163061001,1.87515270436592e-13,0.500125604908044,0.217516609761607,1.26454827480139e-21,TRUE,TRUE,TRUE,FALSE
"SHANK1",-0.510806653452911,4.3639545163337e-16,-0.466858230063083,2.99049479352716e-09,-0.576232056175407,-0.338147995360805,9.74096990253059e-16,TRUE,TRUE,TRUE,FALSE
"HLA-DQB1",0.345313187002746,9.03220456626808e-10,0.0639820933521048,0.349174010531685,0.404990682894322,0.0070986830867347,1.36027177202833e-09,FALSE,TRUE,FALSE,FALSE
"PTPRT",-0.464044788433009,1.79705902042242e-14,-0.649762059722609,9.48937041259348e-14,-0.562371163417575,-0.463552000031175,3.42950194737102e-14,TRUE,TRUE,TRUE,FALSE
"ELOVL2",0.203103359807101,0.00020985188560439,0.128694009885496,0.0731793980936845,0.114023703122555,-0.00843970762441588,0.000248051874236867,FALSE,TRUE,FALSE,FALSE
"CDHR1",-0.717839936933362,2.37787939851625e-30,-0.5974442337241,1.27167070698615e-16,-0.661195668866501,-0.408669839904138,7.92626466172084e-29,TRUE,TRUE,TRUE,FALSE
"SRPX2",0.610098273591506,3.86881030128521e-28,0.400271129051832,7.86681268466492e-13,0.668520951426875,0.473224808002292,7.16446352089854e-27,TRUE,TRUE,TRUE,FALSE
"RAB3C",-0.436614128636812,7.15566453571755e-13,-0.523310188577716,7.37032835513902e-12,-0.462577359988244,-0.3267786973618,1.26873484675843e-12,TRUE,TRUE,TRUE,FALSE
"GAD2",-0.272071914652289,9.36418985320574e-06,-0.270896749556004,0.000403595993830523,-0.306127903667261,-0.188861105125798,1.19441197107216e-05,TRUE,TRUE,TRUE,FALSE
"C1QL4",-0.064836610953803,0.266456123555628,-0.0661328798504849,0.35366199949212,-0.17561099774292,-0.14026425918427,0.273568915354854,TRUE,FALSE,FALSE,FALSE
"NCAN",-0.273341283030029,1.09263978760555e-07,-0.197569048957029,0.00234866803922719,-0.272833370901651,-0.145871538016835,1.4886100648577e-07,TRUE,TRUE,TRUE,FALSE
"GABRD",-0.553829192572701,4.0956971665246e-17,-0.566221272452372,1.0823519822206e-12,-0.569368347615204,-0.347569187846564,1.03951704734127e-16,TRUE,TRUE,TRUE,FALSE
"VAMP2",-0.451205452480273,3.53681664551901e-21,-0.31576869606706,1.58766321770138e-07,-0.664561600197991,-0.374144825017334,1.51146010492266e-20,TRUE,TRUE,TRUE,FALSE
"FOXJ1",0.245153767890303,2.83306129669784e-06,0.349636943177316,5.00648888165746e-08,0.290253663668363,0.212212131929855,3.71792821088955e-06,TRUE,TRUE,TRUE,FALSE
"PRSS35",-0.417645468450798,3.6462017948372e-11,-0.344902062330077,9.03034971328369e-06,-0.489669268324604,-0.308445358556012,5.97737999153639e-11,TRUE,TRUE,TRUE,FALSE
"TMEM235",-0.20826100069051,0.000514880337762179,-0.116567164833442,0.114767928771246,-0.425413128140756,-0.218149979021921,0.000601495721684789,TRUE,TRUE,FALSE,FALSE
"VIM",0.485738980576291,1.93086314374224e-16,0.627674000568472,1.66331042951912e-15,0.44061965589627,0.38806864870311,4.53254259094423e-16,TRUE,TRUE,TRUE,FALSE
"COL11A1",0.189106094309189,0.000137138217727844,0.368743524741228,1.4843791723515e-07,0.0865899931147649,0.0674354575348206,0.000164829588615197,FALSE,TRUE,TRUE,FALSE
"STMN4",-0.372319912803034,1.39748842114421e-12,-0.250436665049151,0.000231899322261003,-0.570075498129062,-0.234965313814078,2.43464881732442e-12,TRUE,TRUE,TRUE,FALSE
"NEFH",-0.293769488025157,1.15511889027763e-06,-0.244938634224653,0.00110614588562985,-0.386938934740698,-0.198518674558547,1.52793504004978e-06,TRUE,TRUE,TRUE,FALSE
"ANXA2P2",0.548788929535552,1.41152471021035e-24,0.419763378367024,1.90115040304985e-13,0.679588488818451,0.381072415012524,1.26028991983067e-23,TRUE,TRUE,TRUE,FALSE
"PPP1R14A",-0.174284549545038,0.00147320466871523,-0.0606017332036545,0.394109091229083,-0.337505610687806,-0.0884540331946662,0.00167790964546154,FALSE,TRUE,FALSE,FALSE
"NKAIN1",-0.460877724137553,5.63361058980197e-17,-0.257238835383667,0.00034074443626925,-0.489363471730379,-0.139610490188597,1.40101108278666e-16,TRUE,TRUE,TRUE,FALSE
"CELF5",-0.4579265413376,7.65981862726114e-16,-0.452531505934441,1.09452423255016e-10,-0.547761995634322,-0.326948952606169,1.68718471966104e-15,TRUE,TRUE,TRUE,FALSE
"CA12",0.327499623116086,6.79866062012097e-09,0.266199772084138,0.000102251277922916,0.397364833616213,0.303951800704982,9.74020146149137e-09,TRUE,TRUE,TRUE,FALSE
"ATN1",-0.368787435678776,8.50420658392971e-16,-0.092131097204381,0.181868045599388,-0.58202253134817,-0.167850668725258,1.8328031430883e-15,TRUE,TRUE,FALSE,FALSE
"CNTN1",-0.372285796758646,9.92401469261318e-13,-0.269836851318571,0.00017516949789893,-0.570021455096766,-0.367458971981327,1.74718568531922e-12,TRUE,TRUE,TRUE,FALSE
"PHACTR3",-0.442209981604792,1.09197285426258e-18,-0.24662777010933,0.00021981932833314,-0.685557552995175,-0.355191847386634,3.4556102982993e-18,TRUE,TRUE,TRUE,FALSE
"IQSEC3",-0.505116502262468,1.6284207677497e-15,-0.657352974717376,4.47706000163313e-15,-0.51505640101288,-0.323897092982312,3.40673800784455e-15,TRUE,TRUE,TRUE,FALSE
"RNASE2",0.352458120195531,3.14590439544187e-12,0.279882868440538,5.15168566419376e-06,0.363738216361695,0.255219795132777,5.42397309558942e-12,TRUE,TRUE,TRUE,FALSE
"PVALB",-0.392932992275595,3.86151460174442e-09,-0.355658290069837,7.97588919894599e-06,-0.281304739796031,-0.200272235688345,5.58022341292546e-09,TRUE,TRUE,TRUE,FALSE
"SERPINI1",-0.323810035232685,1.45852801654019e-08,-0.269651768697992,0.000100382419931368,-0.501565161300526,-0.251570168930852,2.06006781997202e-08,TRUE,TRUE,TRUE,FALSE
"PCP4L1",-0.188313822548692,0.000886252712956393,-0.258432018043563,0.00079024720460123,-0.211392732716115,-0.205306738247912,0.00102102847114792,TRUE,TRUE,TRUE,FALSE
"LINC00634",-0.603323566942286,2.48992384652363e-29,-0.514505197946558,1.59030133909657e-14,-0.727274530809261,-0.386027575218468,6.5524311750622e-28,TRUE,TRUE,TRUE,FALSE
"UNC5A",-0.549200426058209,6.30655153244764e-21,-0.610867041914544,1.47070971768996e-15,-0.591072973830716,-0.385915896395703,2.58465226739657e-20,TRUE,TRUE,TRUE,FALSE
"NAP1L2",-0.479385898469082,6.43420413940937e-20,-0.455896110705027,1.58733149318826e-09,-0.666358746441332,-0.397529389478661,2.31800974161855e-19,TRUE,TRUE,TRUE,FALSE
"FAM181A",0.474015423095807,6.28733755363396e-15,0.457905579427101,1.94531320836771e-11,0.357219379593164,0.318586318123658,1.24255682878142e-14,TRUE,TRUE,TRUE,FALSE
"SYNGR3",-0.352054988190423,3.71317230694878e-09,-0.423719776655308,5.66800155501865e-08,-0.339655188217527,-0.254454506719297,5.38140914050547e-09,TRUE,TRUE,TRUE,FALSE
"GAPDHP1",0.319149241082291,2.10303311260466e-08,-0.0049758061774903,0.947920477525041,0.448739078223272,0.161525316966262,2.93719708464338e-08,TRUE,TRUE,FALSE,FALSE
"BEX5",-0.189166179614982,0.000884983852211921,-0.235164543726384,0.000759294903785287,-0.288884576050534,-0.158538288993015,0.00102102847114792,TRUE,TRUE,TRUE,FALSE
"VCAM1",0.271970463389788,1.36202559832532e-07,0.348219832477567,3.33699930165116e-07,0.175819175287838,0.131045937852859,1.84057513287205e-07,TRUE,TRUE,TRUE,FALSE
"TESPA1",-0.276599769227174,8.97342852277835e-05,-0.32979045833774,8.51518140962449e-05,-0.179055931417795,-0.137893022884421,0.000109432055155834,TRUE,TRUE,TRUE,FALSE
"TPPP3",0.101566709393742,0.060197321376784,0.272332740932096,0.000476955870879734,0.0330056627026227,0.111236882464407,0.0639037381919151,FALSE,FALSE,FALSE,FALSE
"TF",-0.267769818175999,7.89363927736948e-07,-0.233790830492858,0.000757669129606949,-0.493137157498897,-0.257914603272776,1.04690176092433e-06,TRUE,TRUE,TRUE,FALSE
"SFRP4",0.355370273768253,7.66706426034752e-12,0.419464506635759,1.31800013594846e-10,0.45014768368392,0.246937198455894,1.29511220613978e-11,TRUE,TRUE,TRUE,FALSE
"MAP7D2",-0.23742175924281,9.01484577369099e-05,-0.204713700120802,0.00535087994034675,-0.254801823704386,-0.157795096096362,0.000109669656614246,TRUE,TRUE,TRUE,FALSE
"CHD5",-0.359288431470909,1.94246647861706e-08,-0.468136260261213,2.52027451803512e-08,-0.458296245396912,-0.310894812602388,2.72818325648463e-08,TRUE,TRUE,TRUE,FALSE
"PCP4",-0.174596137497647,0.00223445964322447,-0.095353084189722,0.1669452803708,-0.304588501148723,-0.053323402863811,0.00252766927966569,FALSE,TRUE,FALSE,FALSE
"ZNF385A",-0.33121645050952,2.00774474551119e-11,-0.194941058243251,0.00285753831371068,-0.584763427107589,-0.200128138655585,3.32408070448872e-11,TRUE,TRUE,TRUE,FALSE
"HLA-DRB1",0.420090457561178,5.30460128706339e-13,0.191656255613886,0.0064267098740669,0.426702912383657,0.166704163351535,9.43879232573557e-13,TRUE,TRUE,TRUE,FALSE
"NECAB2",-0.526118170223325,2.96260298544849e-19,-0.434190160656984,1.31636900051901e-09,-0.645545356230987,-0.292946891490804,1.01459006350976e-18,TRUE,TRUE,TRUE,FALSE
"EEF1A2",-0.219155142021153,6.18034505072825e-05,-0.233027874425312,0.000696905336267555,-0.2538350210839,-0.138216566595841,7.59256148738114e-05,TRUE,TRUE,TRUE,FALSE
"HSPB8",-0.324454421375551,2.02236180802908e-10,-0.319402048297232,6.15936244457154e-06,-0.483361638683356,-0.293774100091009,3.16984609408946e-10,TRUE,TRUE,TRUE,FALSE
"BASP1",-0.436878080640521,2.0957704064389e-16,-0.249198977255245,0.000261453569590763,-0.600533358198764,-0.26893968448922,4.89665982812827e-16,TRUE,TRUE,TRUE,FALSE
"TSTD1",0.423919017576963,4.25630422791583e-14,0.0790344948117471,0.268885117003853,0.478675555034674,0.126821328804462,7.97060716838171e-14,TRUE,TRUE,FALSE,FALSE
"TGFB2",0.442548719275354,1.04298749523208e-15,0.61752697082596,4.63239524316632e-18,0.474677538103752,0.294127380697607,2.22860575904291e-15,TRUE,TRUE,TRUE,FALSE
"CYP4F24P",-0.168515447334807,0.00235142783658817,-0.0127720839947042,0.852256121666688,-0.193714713180843,-0.0713699778256507,0.00265398175687152,FALSE,TRUE,FALSE,FALSE
"GJB2",0.358483818462257,3.93246934984628e-14,0.215356820328305,0.000605621418693764,0.304914417641923,0.167572780993168,7.39185968016219e-14,TRUE,TRUE,TRUE,FALSE
"TMSB4XP4",0.578007141747418,5.81941460770415e-27,0.154025976792964,0.0012114432617669,0.758151959324217,0.0609368609122298,8.81729486015781e-26,FALSE,TRUE,TRUE,FALSE
