"setting","fdr","repl_p","anchor","metric","n_prog","auc_null","auc_real","diff"
"TCGA->CGGA-693",0.01,0.01,"grade","prod",4591,0.8888465465084,0.815600471434473,-0.0732460750739272
"TCGA->CGGA-693",0.01,0.01,"grade","absd",4591,0.525961368066631,0.691595991996954,0.165634623930323
"TCGA->CGGA-693",0.01,0.01,"idh","prod",4591,0.816711596637074,0.765823430779325,-0.0508881658577491
"TCGA->CGGA-693",0.01,0.01,"idh","absd",4591,0.561652074227761,0.602169449102087,0.0405173748743263
"TCGA->CGGA-693",0.01,0.05,"grade","prod",4591,0.901985460104161,0.819521727732259,-0.0824637323719021
"TCGA->CGGA-693",0.01,0.05,"grade","absd",4591,0.525339945608703,0.70496466405001,0.179624718441307
"TCGA->CGGA-693",0.01,0.05,"idh","prod",4591,0.833217796263709,0.775772258509982,-0.0574455377537266
"TCGA->CGGA-693",0.01,0.05,"idh","absd",4591,0.569866154748574,0.619759608461428,0.049893453712854
"TCGA->CGGA-693",0.01,0.1,"grade","prod",4591,0.90176593455282,0.818869238430572,-0.0828966961222476
"TCGA->CGGA-693",0.01,0.1,"grade","absd",4591,0.532752360621213,0.712607214761175,0.179854854139962
"TCGA->CGGA-693",0.01,0.1,"idh","prod",4591,0.823676987611414,0.77702305390775,-0.0466539337036641
"TCGA->CGGA-693",0.01,0.1,"idh","absd",4591,0.596968162541933,0.63171125491756,0.0347430923756269
"TCGA->CGGA-693",0.05,0.01,"grade","prod",5495,0.884537705364828,0.821065792272995,-0.0634719130918325
"TCGA->CGGA-693",0.05,0.01,"grade","absd",5495,0.522477240251538,0.658654304661673,0.136177064410134
"TCGA->CGGA-693",0.05,0.01,"idh","prod",5495,0.817739458651276,0.770272227304678,-0.0474672313465979
"TCGA->CGGA-693",0.05,0.01,"idh","absd",5495,0.549611205709044,0.565856667872146,0.0162454621631019
"TCGA->CGGA-693",0.05,0.05,"grade","prod",5495,0.899794990651248,0.824415260619348,-0.0753797300319003
"TCGA->CGGA-693",0.05,0.05,"grade","absd",5495,0.530234224926205,0.668666067886881,0.138431842960676
"TCGA->CGGA-693",0.05,0.05,"idh","prod",5495,0.838430061211929,0.777343855683963,-0.0610862055279655
"TCGA->CGGA-693",0.05,0.05,"idh","absd",5495,0.56801435298142,0.577386341101713,0.00937198812029316
"TCGA->CGGA-693",0.05,0.1,"grade","prod",5495,0.903872068134844,0.823260644785705,-0.0806114233491388
"TCGA->CGGA-693",0.05,0.1,"grade","absd",5495,0.546389527848423,0.674228201201012,0.127838673352589
"TCGA->CGGA-693",0.05,0.1,"idh","prod",5495,0.843691404657735,0.777596196059582,-0.0660952085981529
"TCGA->CGGA-693",0.05,0.1,"idh","absd",5495,0.580508102042415,0.585788155563461,0.00528005352104655
"TCGA->CGGA-693",0.1,0.01,"grade","prod",5941,0.893256628975732,0.825674167640596,-0.0675824613351367
"TCGA->CGGA-693",0.1,0.01,"grade","absd",5941,0.518686988913134,0.640706354330279,0.122019365417144
"TCGA->CGGA-693",0.1,0.01,"idh","prod",5941,0.832468425576936,0.776983683420081,-0.0554847421568551
"TCGA->CGGA-693",0.1,0.01,"idh","absd",5941,0.5471101412859,0.54492474018236,-0.00218540110354015
"TCGA->CGGA-693",0.1,0.05,"grade","prod",5941,0.907153499103612,0.827392771454573,-0.0797607276490382
"TCGA->CGGA-693",0.1,0.05,"grade","absd",5941,0.520594109198526,0.646774673301107,0.126180564102581
"TCGA->CGGA-693",0.1,0.05,"idh","prod",5941,0.846641477932321,0.781372499773468,-0.065268978158853
"TCGA->CGGA-693",0.1,0.05,"idh","absd",5941,0.572602033939573,0.553978694149952,-0.0186233397896206
"TCGA->CGGA-693",0.1,0.1,"grade","prod",5941,0.906321548069381,0.825072511420893,-0.0812490366484879
"TCGA->CGGA-693",0.1,0.1,"grade","absd",5941,0.536436521411054,0.650860755766734,0.11442423435568
"TCGA->CGGA-693",0.1,0.1,"idh","prod",5941,0.84819249595409,0.780506951465829,-0.0676855444882611
"TCGA->CGGA-693",0.1,0.1,"idh","absd",5941,0.585091690743554,0.560362592530294,-0.0247290982132602
"TCGA->CGGA-325",0.01,0.01,"grade","prod",5568,0.855413531445097,0.915661545822021,0.0602480143769242
"TCGA->CGGA-325",0.01,0.01,"grade","absd",5568,0.571841288505836,0.792269853858849,0.220428565353013
"TCGA->CGGA-325",0.01,0.01,"idh","prod",5568,0.828807396616429,0.81130273279576,-0.017504663820669
"TCGA->CGGA-325",0.01,0.01,"idh","absd",5568,0.516663469729068,0.766210961027016,0.249547491297948
"TCGA->CGGA-325",0.01,0.05,"grade","prod",5568,0.872271027598723,0.927299349242639,0.0550283216439155
"TCGA->CGGA-325",0.01,0.05,"grade","absd",5568,0.562704174228675,0.82138662311726,0.258682448888585
"TCGA->CGGA-325",0.01,0.05,"idh","prod",5568,0.837610105450904,0.824695994341866,-0.0129141111090384
"TCGA->CGGA-325",0.01,0.05,"idh","absd",5568,0.502377534576632,0.790191174427673,0.287813639851041
"TCGA->CGGA-325",0.01,0.1,"grade","prod",5568,0.882851259927444,0.935439560691072,0.052588300763628
"TCGA->CGGA-325",0.01,0.1,"grade","absd",5568,0.560272820864791,0.835590197321718,0.275317376456928
"TCGA->CGGA-325",0.01,0.1,"idh","prod",5568,0.849636238846946,0.835372307944704,-0.0142639309022413
"TCGA->CGGA-325",0.01,0.1,"idh","absd",5568,0.495953769977449,0.806957519078595,0.311003749101146
"TCGA->CGGA-325",0.05,0.01,"grade","prod",6211,0.864985950884614,0.912690631043185,0.0477046801585718
"TCGA->CGGA-325",0.05,0.01,"grade","absd",6211,0.567033947635451,0.766688322634115,0.199654374998664
"TCGA->CGGA-325",0.05,0.01,"idh","prod",6211,0.840764976556603,0.817284388505715,-0.0234805880508883
"TCGA->CGGA-325",0.05,0.01,"idh","absd",6211,0.522028613722984,0.742771589243657,0.220742975520672
"TCGA->CGGA-325",0.05,0.05,"grade","prod",6211,0.878890947080584,0.922347110691834,0.0434561636112498
"TCGA->CGGA-325",0.05,0.05,"grade","absd",6211,0.559016671352728,0.793124231430989,0.234107560078261
"TCGA->CGGA-325",0.05,0.05,"idh","prod",6211,0.847723676738942,0.826588716831693,-0.0211349599072489
"TCGA->CGGA-325",0.05,0.05,"idh","absd",6211,0.513341216942593,0.764840764005532,0.25149954706294
"TCGA->CGGA-325",0.05,0.1,"grade","prod",6211,0.887165552325823,0.929543281376485,0.0423777290506623
"TCGA->CGGA-325",0.05,0.1,"grade","absd",6211,0.558319331362255,0.807809554337374,0.249490222975119
"TCGA->CGGA-325",0.05,0.1,"idh","prod",6211,0.856479713345997,0.834850024176505,-0.0216296891694927
"TCGA->CGGA-325",0.05,0.1,"idh","absd",6211,0.509809689530182,0.781603988851643,0.271794299321461
"TCGA->CGGA-325",0.1,0.01,"grade","prod",6517,0.8716868927341,0.910025016901622,0.0383381241675224
"TCGA->CGGA-325",0.1,0.01,"grade","absd",6517,0.563346494793481,0.751054215235385,0.187707720441904
"TCGA->CGGA-325",0.1,0.01,"idh","prod",6517,0.84918776371308,0.818626525418289,-0.0305612382947911
"TCGA->CGGA-325",0.1,0.01,"idh","absd",6517,0.523426044207022,0.729803499365199,0.206377455158177
"TCGA->CGGA-325",0.1,0.05,"grade","prod",6517,0.884395438382732,0.91922111389439,0.0348256755116577
"TCGA->CGGA-325",0.1,0.05,"grade","absd",6517,0.552465799239952,0.778558658843283,0.226092859603331
"TCGA->CGGA-325",0.1,0.05,"idh","prod",6517,0.85413585463765,0.82636486744239,-0.0277709871952601
"TCGA->CGGA-325",0.1,0.05,"idh","absd",6517,0.513644774453579,0.751742003208548,0.238097228754969
"TCGA->CGGA-325",0.1,0.1,"grade","prod",6517,0.891961709243021,0.92606977845573,0.0341080692127095
"TCGA->CGGA-325",0.1,0.1,"grade","absd",6517,0.551303015390122,0.793181723305501,0.24187870791538
"TCGA->CGGA-325",0.1,0.1,"idh","prod",6517,0.860970075384753,0.833543940581166,-0.0274261348035874
"TCGA->CGGA-325",0.1,0.1,"idh","absd",6517,0.51132574825519,0.768333506873386,0.257007758618196
"TCGA->array-301",0.01,0.01,"grade","prod",5733,0.833526269475903,0.929843118761629,0.0963168492857256
"TCGA->array-301",0.01,0.01,"grade","absd",5733,0.496204995376493,0.770099588130296,0.273894592753804
"TCGA->array-301",0.01,0.01,"idh","prod",5733,0.824012160321359,0.857824474082352,0.0338123137609933
"TCGA->array-301",0.01,0.01,"idh","absd",5733,0.628265289888936,0.63324428657477,0.00497899668583379
"TCGA->array-301",0.01,0.05,"grade","prod",5733,0.844986013311147,0.930522217522588,0.0855362042114406
"TCGA->array-301",0.01,0.05,"grade","absd",5733,0.497869521908027,0.789416863463866,0.291547341555839
"TCGA->array-301",0.01,0.05,"idh","prod",5733,0.822329647739807,0.858746754314852,0.0364171065750455
"TCGA->array-301",0.01,0.05,"idh","absd",5733,0.611489788565076,0.643401125562488,0.0319113369974112
"TCGA->array-301",0.01,0.1,"grade","prod",5733,0.856439960500476,0.935758039125473,0.0793180786249972
"TCGA->array-301",0.01,0.1,"grade","absd",5733,0.504796338938016,0.806378428988343,0.301582090050327
"TCGA->array-301",0.01,0.1,"idh","prod",5733,0.820150775835743,0.867016210671064,0.0468654348353214
"TCGA->array-301",0.01,0.1,"idh","absd",5733,0.598509851475548,0.651798722709696,0.0532888712341478
"TCGA->array-301",0.05,0.01,"grade","prod",6326,0.84945025379261,0.927603010106256,0.0781527563136459
"TCGA->array-301",0.05,0.01,"grade","absd",6326,0.499761864322285,0.745438807708348,0.245676943386063
"TCGA->array-301",0.05,0.01,"idh","prod",6326,0.842394864325792,0.857768440048367,0.0153735757225749
"TCGA->array-301",0.05,0.01,"idh","absd",6326,0.633870178228497,0.61139486267505,-0.0224753155534474
"TCGA->array-301",0.05,0.05,"grade","prod",6326,0.85625674600791,0.926889830798249,0.0706330847903385
"TCGA->array-301",0.05,0.05,"grade","absd",6326,0.502199433684202,0.763047660018058,0.260848226333856
"TCGA->array-301",0.05,0.05,"idh","prod",6326,0.836412516222272,0.856632960009463,0.0202204437871912
"TCGA->array-301",0.05,0.05,"idh","absd",6326,0.616014954523033,0.622526640796761,0.00651168627372767
"TCGA->array-301",0.05,0.1,"grade","prod",6326,0.864427914014691,0.931898696631591,0.0674707826169003
"TCGA->array-301",0.05,0.1,"grade","absd",6326,0.506528316445672,0.778001886221693,0.271473569776021
"TCGA->array-301",0.05,0.1,"idh","prod",6326,0.834903272919802,0.863454147550275,0.0285508746304731
"TCGA->array-301",0.05,0.1,"idh","absd",6326,0.604812776713603,0.629249373777156,0.0244365970635527
"TCGA->array-301",0.1,0.01,"grade","prod",6568,0.85707892085509,0.926822116377007,0.0697431955219173
"TCGA->array-301",0.1,0.01,"grade","absd",6568,0.502430850771803,0.736834327802503,0.234403477030699
"TCGA->array-301",0.1,0.01,"idh","prod",6568,0.850616559906579,0.85835026149427,0.00773370158769016
"TCGA->array-301",0.1,0.01,"idh","absd",6568,0.634833946888526,0.602504210337464,-0.0323297365510623
"TCGA->array-301",0.1,0.05,"grade","prod",6568,0.862530582277934,0.926687037339981,0.0641564550620464
"TCGA->array-301",0.1,0.05,"grade","absd",6568,0.506746779818396,0.752185236013485,0.245438456195089
"TCGA->array-301",0.1,0.05,"idh","prod",6568,0.843629168961012,0.85783181202031,0.014202643059298
"TCGA->array-301",0.1,0.05,"idh","absd",6568,0.616102203651519,0.612504135765681,-0.00359806788583783
"TCGA->array-301",0.1,0.1,"grade","prod",6568,0.868492970808131,0.930700151286481,0.0622071804783494
"TCGA->array-301",0.1,0.1,"grade","absd",6568,0.509506236381303,0.766729047140722,0.257222810759419
"TCGA->array-301",0.1,0.1,"idh","prod",6568,0.841104401010514,0.863108471088003,0.0220040700774887
"TCGA->array-301",0.1,0.1,"idh","absd",6568,0.604850630242714,0.618687586369029,0.0138369561263151
